# BlockHammer - exported from Blocked In (Unity mesh, z negated to right-handed)
mtllib BlockHammer.mtl
o BlockHammer
v 0.890164 -0.590936 -0.134877
v 0.890164 -0.606133 -0.000000
v 0.890164 0.606133 -0.000000
v 0.890164 -0.546107 -0.262991
v 0.890164 -0.473894 -0.377918
v 0.890164 -0.377918 -0.473894
v 0.890164 -0.262991 -0.546107
v 0.890164 -0.134877 -0.590936
v 0.890164 0.000000 -0.606133
v 0.890164 0.134877 -0.590936
v 0.890164 0.262991 -0.546107
v 0.890164 0.377918 -0.473894
v 0.890164 0.473894 -0.377918
v 0.890164 0.546107 -0.262991
v 0.890164 0.590936 -0.134877
v -0.890164 0.606133 0.000000
v -0.890164 -0.606133 0.000000
v -0.890164 -0.590936 -0.134877
v -0.890164 -0.546107 -0.262991
v -0.890164 -0.473894 -0.377918
v -0.890164 -0.377918 -0.473894
v -0.890164 -0.262991 -0.546107
v -0.890164 -0.134877 -0.590936
v -0.890164 -0.000000 -0.606133
v -0.890164 0.134877 -0.590936
v -0.890164 0.262991 -0.546107
v -0.890164 0.377918 -0.473894
v -0.890164 0.473894 -0.377918
v -0.890164 0.546107 -0.262991
v -0.890164 0.590936 -0.134877
v -0.820697 -0.641738 0.000000
v -0.890164 -0.590936 -0.134877
v -0.890164 -0.606133 0.000000
v -0.820697 -0.625649 -0.142800
v -0.890164 -0.546107 -0.262991
v -0.751230 -0.654532 0.000000
v -0.820697 -0.578186 -0.278440
v -0.890164 -0.473894 -0.377918
v -0.751230 -0.638122 -0.145647
v -0.820697 -0.501731 -0.400117
v -0.890164 -0.377918 -0.473894
v 0.751230 -0.638122 -0.145647
v 0.751230 -0.654532 -0.000000
v 0.820697 -0.641738 -0.000000
v -0.751230 -0.589713 -0.283991
v -0.820697 -0.400117 -0.501731
v -0.890164 -0.262991 -0.546107
v 0.820697 -0.625648 -0.142800
v 0.890164 -0.606133 -0.000000
v 0.890164 -0.590936 -0.134877
v 0.751230 -0.589713 -0.283991
v 0.820697 -0.578186 -0.278440
v 0.890164 -0.546107 -0.262991
v -0.751230 -0.511734 -0.408094
v 0.751230 -0.511734 -0.408094
v 0.820697 -0.501731 -0.400117
v 0.890164 -0.473894 -0.377918
v 0.751230 -0.408094 -0.511734
v 0.820697 -0.400117 -0.501731
v 0.890164 -0.377918 -0.473894
v -0.751230 -0.408094 -0.511734
v 0.820697 -0.278440 -0.578186
v 0.890164 -0.262991 -0.546107
v 0.751230 -0.283991 -0.589713
v -0.820697 -0.278440 -0.578186
v -0.890164 -0.134877 -0.590936
v 0.820697 -0.142800 -0.625649
v 0.890164 -0.134877 -0.590936
v -0.751230 -0.283991 -0.589713
v -0.820697 -0.142800 -0.625648
v -0.890164 -0.000000 -0.606133
v 0.751230 -0.145647 -0.638122
v 0.820697 0.000000 -0.641738
v 0.890164 0.000000 -0.606133
v -0.820697 -0.000000 -0.641738
v -0.890164 0.134877 -0.590936
v -0.751230 -0.145647 -0.638122
v 0.751230 0.000000 -0.654532
v 0.820697 0.142800 -0.625649
v 0.890164 0.134877 -0.590936
v -0.820697 0.142800 -0.625648
v -0.890164 0.262991 -0.546107
v -0.751230 -0.000000 -0.654532
v 0.751230 0.145647 -0.638122
v 0.820697 0.278440 -0.578186
v 0.890164 0.262991 -0.546107
v -0.820697 0.278440 -0.578186
v -0.890164 0.377918 -0.473894
v -0.751230 0.145647 -0.638122
v 0.751230 0.283991 -0.589713
v 0.820697 0.400117 -0.501731
v 0.890164 0.377918 -0.473894
v -0.820697 0.400117 -0.501731
v -0.890164 0.473894 -0.377918
v -0.751230 0.283991 -0.589713
v 0.751230 0.408094 -0.511734
v 0.820697 0.501731 -0.400117
v 0.890164 0.473894 -0.377918
v -0.820697 0.501731 -0.400117
v -0.890164 0.546107 -0.262991
v -0.751230 0.408094 -0.511734
v 0.751230 0.511734 -0.408094
v 0.820697 0.578186 -0.278440
v 0.890164 0.546107 -0.262991
v -0.820697 0.578186 -0.278440
v -0.890164 0.590936 -0.134877
v -0.751230 0.511734 -0.408094
v 0.751230 0.589713 -0.283991
v 0.820697 0.625649 -0.142800
v 0.890164 0.590936 -0.134877
v -0.820697 0.625648 -0.142800
v -0.890164 0.606133 0.000000
v -0.820697 0.641738 0.000000
v -0.751230 0.589713 -0.283991
v 0.751230 0.638122 -0.145647
v -0.751230 0.638122 -0.145647
v -0.751230 0.654532 0.000000
v 0.751230 0.654532 -0.000000
v 0.820697 0.641738 -0.000000
v 0.890164 0.606133 -0.000000
v 0.890164 0.606133 -0.000000
v 0.890164 -0.606133 -0.000000
v 0.890164 -0.590936 0.134877
v 0.890164 -0.546107 0.262991
v 0.890164 -0.473894 0.377918
v 0.890164 -0.377918 0.473894
v 0.890164 -0.262991 0.546107
v 0.890164 -0.134877 0.590936
v 0.890164 0.000000 0.606133
v 0.890164 0.134877 0.590936
v 0.890164 0.262991 0.546107
v 0.890164 0.377918 0.473894
v 0.890164 0.473894 0.377918
v 0.890164 0.546107 0.262991
v 0.890164 0.590936 0.134877
v -0.890164 -0.590936 0.134877
v -0.890164 -0.606133 0.000000
v -0.890164 0.606133 0.000000
v -0.890164 -0.546107 0.262991
v -0.890164 -0.473894 0.377918
v -0.890164 -0.377918 0.473894
v -0.890164 -0.262991 0.546107
v -0.890164 -0.134877 0.590936
v -0.890164 -0.000000 0.606133
v -0.890164 0.134877 0.590936
v -0.890164 0.262991 0.546107
v -0.890164 0.377918 0.473894
v -0.890164 0.473894 0.377918
v -0.890164 0.546107 0.262991
v -0.890164 0.590936 0.134877
v -0.820697 -0.641738 0.000000
v -0.890164 -0.606133 0.000000
v -0.890164 -0.590936 0.134877
v -0.820697 -0.625649 0.142800
v -0.890164 -0.546107 0.262991
v -0.751230 -0.654532 0.000000
v -0.820697 -0.578186 0.278440
v -0.890164 -0.473894 0.377918
v -0.751230 -0.638122 0.145647
v -0.820697 -0.501731 0.400117
v -0.890164 -0.377918 0.473894
v 0.751230 -0.638122 0.145647
v 0.751230 -0.654532 -0.000000
v 0.820697 -0.641738 -0.000000
v -0.751230 -0.589713 0.283991
v -0.820697 -0.400117 0.501731
v -0.890164 -0.262991 0.546107
v 0.820697 -0.625648 0.142800
v 0.890164 -0.606133 -0.000000
v 0.890164 -0.590936 0.134877
v 0.751230 -0.589713 0.283991
v 0.820697 -0.578186 0.278440
v 0.890164 -0.546107 0.262991
v -0.751230 -0.511734 0.408094
v 0.751230 -0.511734 0.408094
v 0.820697 -0.501731 0.400117
v 0.890164 -0.473894 0.377918
v 0.751230 -0.408094 0.511734
v 0.820697 -0.400117 0.501731
v 0.890164 -0.377918 0.473894
v -0.751230 -0.408094 0.511734
v 0.751230 -0.283991 0.589713
v 0.820697 -0.278440 0.578186
v 0.890164 -0.262991 0.546107
v -0.820697 -0.278440 0.578186
v -0.890164 -0.134877 0.590936
v -0.751230 -0.283991 0.589713
v -0.820697 -0.142800 0.625649
v -0.890164 -0.000000 0.606133
v 0.751230 -0.145647 0.638122
v 0.820697 -0.142800 0.625648
v 0.890164 -0.134877 0.590936
v -0.820697 -0.000000 0.641738
v -0.890164 0.134877 0.590936
v -0.751230 -0.145647 0.638122
v 0.751230 0.000000 0.654532
v 0.820697 0.000000 0.641738
v 0.890164 0.000000 0.606133
v -0.820697 0.142800 0.625649
v -0.890164 0.262991 0.546107
v -0.751230 -0.000000 0.654532
v 0.751230 0.145647 0.638122
v 0.820697 0.142800 0.625648
v 0.890164 0.134877 0.590936
v -0.820697 0.278440 0.578186
v -0.890164 0.377918 0.473894
v -0.751230 0.145647 0.638122
v 0.751230 0.283991 0.589713
v 0.820697 0.278440 0.578186
v 0.890164 0.262991 0.546107
v -0.820697 0.400117 0.501731
v -0.890164 0.473894 0.377918
v -0.751230 0.283991 0.589713
v 0.751230 0.408094 0.511734
v 0.820697 0.400117 0.501731
v 0.890164 0.377918 0.473894
v -0.820697 0.501731 0.400117
v -0.890164 0.546107 0.262991
v -0.751230 0.408094 0.511734
v 0.751230 0.511734 0.408094
v 0.820697 0.501731 0.400117
v 0.890164 0.473894 0.377918
v -0.820697 0.578186 0.278440
v -0.890164 0.590936 0.134877
v -0.751230 0.511734 0.408094
v 0.751230 0.589713 0.283991
v 0.820697 0.578186 0.278440
v 0.890164 0.546107 0.262991
v -0.820697 0.625648 0.142800
v -0.890164 0.606133 0.000000
v -0.820697 0.641738 0.000000
v -0.751230 0.589713 0.283991
v -0.751230 0.638122 0.145647
v -0.751230 0.654532 0.000000
v 0.751230 0.654532 -0.000000
v 0.751230 0.638122 0.145647
v 0.820697 0.625649 0.142800
v 0.890164 0.590936 0.134877
v 0.820697 0.641738 -0.000000
v 0.890164 0.606133 -0.000000
v -0.374101 0.759986 0.001005
v -0.311243 0.744370 -0.108912
v -0.320845 0.755941 0.001005
v -0.364692 0.748550 -0.109487
v -0.424544 0.757945 0.001005
v -0.297043 0.719646 -0.218280
v -0.415865 0.746793 -0.109244
v -0.470300 0.745761 0.001005
v -0.351371 0.724025 -0.219502
v -0.274475 0.671878 -0.325773
v -0.463246 0.735141 -0.107637
v -0.513244 0.727490 0.001005
v -0.508352 0.717551 -0.105211
v -0.330805 0.676623 -0.327754
v -0.243079 0.604242 -0.426961
v -0.403778 0.722885 -0.219091
v -0.452984 0.712544 -0.215957
v -0.500268 0.696682 -0.211190
v -0.301978 0.609757 -0.429722
v -0.203367 0.522515 -0.517156
v -0.385290 0.676666 -0.327299
v -0.436698 0.668871 -0.322783
v -0.486260 0.656375 -0.315832
v -0.264673 0.529274 -0.520652
v -0.156438 0.429808 -0.593748
v -0.359069 0.611386 -0.429291
v -0.413147 0.606538 -0.423539
v -0.465418 0.597803 -0.414595
v -0.219574 0.437538 -0.598088
v -0.103404 0.328427 -0.654790
v -0.324419 0.532588 -0.520281
v -0.381562 0.530156 -0.513464
v -0.437145 0.524278 -0.502781
v -0.167522 0.336143 -0.660157
v -0.044850 0.220111 -0.698886
v -0.281520 0.442165 -0.597983
v -0.341481 0.441620 -0.590473
v -0.400253 0.437972 -0.578518
v -0.109110 0.227078 -0.705012
v 0.018516 0.106671 -0.724939
v -0.230830 0.341346 -0.660615
v -0.292787 0.342363 -0.652891
v -0.353934 0.340867 -0.640258
v -0.045172 0.112569 -0.731131
v 0.084963 -0.009231 -0.732468
v -0.173043 0.232320 -0.705893
v -0.236430 0.234684 -0.698030
v -0.299489 0.235322 -0.684922
v 0.022228 -0.004627 -0.738264
v 0.152720 -0.124733 -0.721374
v -0.109206 0.117592 -0.731886
v -0.173814 0.121156 -0.723576
v -0.238766 0.123846 -0.709829
v 0.090961 -0.121622 -0.726767
v 0.220881 -0.237013 -0.692446
v -0.041558 -0.000024 -0.738573
v -0.107096 0.004575 -0.729737
v -0.173685 0.009171 -0.715413
v 0.159841 -0.235551 -0.698148
v 0.288376 -0.343319 -0.646655
v 0.027581 -0.117640 -0.726761
v -0.038498 -0.112206 -0.717757
v -0.106198 -0.105902 -0.703355
v 0.227751 -0.343607 -0.653764
v 0.352616 -0.441124 -0.584809
v 0.096752 -0.232367 -0.698658
v 0.030245 -0.226310 -0.690517
v -0.038311 -0.218530 -0.677184
v 0.292883 -0.443188 -0.593217
v 0.410619 -0.527642 -0.507934
v 0.164731 -0.341362 -0.655994
v 0.097718 -0.334895 -0.650094
v 0.028310 -0.325895 -0.639316
v 0.352940 -0.531537 -0.516313
v 0.459345 -0.598829 -0.418126
v 0.230384 -0.441972 -0.597179
v 0.163278 -0.435287 -0.593734
v 0.093406 -0.425321 -0.585843
v 0.404361 -0.605053 -0.425439
v 0.496384 -0.651411 -0.318211
v 0.292026 -0.531456 -0.520812
v 0.225721 -0.524749 -0.518845
v 0.156182 -0.514065 -0.512998
v 0.443969 -0.660589 -0.323999
v 0.521874 -0.686465 -0.212894
v 0.345678 -0.606537 -0.429551
v 0.280829 -0.600121 -0.428325
v 0.212280 -0.588965 -0.423896
v 0.471374 -0.697644 -0.216892
v 0.537361 -0.707074 -0.106505
v 0.387517 -0.664154 -0.327344
v 0.324336 -0.658364 -0.326618
v 0.257117 -0.646961 -0.323448
v 0.487824 -0.717881 -0.108545
v 0.547461 -0.720000 -0.000000
v 0.498327 -0.728960 -0.000000
v 0.416632 -0.702639 -0.219252
v 0.354821 -0.697325 -0.218880
v 0.288767 -0.685827 -0.216871
v 0.433947 -0.722599 -0.109764
v 0.444809 -0.732335 -0.000000
v 0.372835 -0.717166 -0.109615
v 0.383983 -0.726403 0.000000
v 0.307383 -0.705643 -0.108645
v 0.318774 -0.714885 -0.000000
v 0.249787 -0.660883 -0.033184
v 0.229730 -0.639051 -0.104932
v 0.210285 -0.612765 -0.198962
v 0.288767 -0.685827 -0.216871
v 0.257117 -0.646961 -0.323448
v 0.180704 -0.573716 -0.292296
v 0.139860 -0.520889 -0.378448
v 0.212280 -0.588965 -0.423896
v 0.156182 -0.514065 -0.512998
v 0.089598 -0.455262 -0.455262
v 0.033903 -0.378448 -0.520889
v 0.093406 -0.425321 -0.585843
v 0.028310 -0.325895 -0.639316
v -0.023479 -0.292296 -0.573663
v -0.081887 -0.198962 -0.612341
v -0.038311 -0.218530 -0.677184
v -0.106198 -0.105902 -0.703355
v -0.141182 -0.100719 -0.635910
v -0.200200 -0.000000 -0.643848
v -0.173685 0.009171 -0.715413
v -0.238766 0.123846 -0.709829
v -0.257401 0.100718 -0.635883
v -0.310755 0.198962 -0.612241
v -0.299489 0.235322 -0.684922
v -0.358393 0.292296 -0.573427
v -0.353934 0.340867 -0.640258
v -0.399583 0.378448 -0.520579
v -0.400253 0.437972 -0.578518
v -0.437145 0.524278 -0.502781
v -0.433973 0.455261 -0.455043
v -0.461608 0.520889 -0.378372
v -0.465418 0.597803 -0.414595
v -0.486260 0.656375 -0.315832
v -0.482650 0.573589 -0.292266
v -0.497339 0.611749 -0.198794
v -0.500268 0.696682 -0.211190
v -0.506399 0.635395 -0.100195
v -0.508352 0.717551 -0.105211
v -0.512414 0.650980 0.001005
v -0.513244 0.727490 0.001005
v 0.537361 -0.707074 -0.106505
v 0.547461 -0.720000 -0.000000
v 0.524058 -0.657086 -0.033184
v 0.512882 -0.635851 -0.104932
v 0.521874 -0.686465 -0.212894
v 0.497351 -0.611614 -0.198962
v 0.496384 -0.651411 -0.318211
v 0.472821 -0.573573 -0.292296
v 0.459345 -0.598829 -0.418126
v 0.438301 -0.520889 -0.378448
v 0.410619 -0.527642 -0.507934
v 0.394202 -0.455262 -0.455258
v 0.352616 -0.441124 -0.584809
v 0.342872 -0.378448 -0.520859
v 0.288376 -0.343319 -0.646655
v 0.287005 -0.292296 -0.573577
v 0.220881 -0.237013 -0.692446
v 0.228737 -0.198962 -0.612222
v 0.152720 -0.124733 -0.721374
v 0.169901 -0.100719 -0.635825
v 0.084963 -0.009231 -0.732468
v 0.111670 -0.000000 -0.643824
v 0.018516 0.106671 -0.724939
v 0.055031 0.100718 -0.635907
v 0.000884 0.198962 -0.612341
v -0.044850 0.220111 -0.698886
v -0.103404 0.328427 -0.654790
v -0.049897 0.292296 -0.573663
v -0.156438 0.429808 -0.593748
v -0.096446 0.378448 -0.520889
v -0.203367 0.522515 -0.517156
v -0.137837 0.455261 -0.455262
v -0.243079 0.604242 -0.426961
v -0.172872 0.520889 -0.378448
v -0.274475 0.671878 -0.325773
v -0.200495 0.573589 -0.292275
v -0.220463 0.611749 -0.198794
v -0.297043 0.719646 -0.218280
v -0.311243 0.744370 -0.108912
v -0.233388 0.635395 -0.100195
v -0.320845 0.755941 0.001005
v -0.242467 0.650980 0.001005
v -0.374101 0.759986 -0.001005
v -0.320845 0.755941 -0.001005
v -0.311243 0.744370 0.108912
v -0.364692 0.748550 0.109487
v -0.424544 0.757945 -0.001005
v -0.297043 0.719646 0.218280
v -0.415865 0.746793 0.109244
v -0.470300 0.745761 -0.001005
v -0.351371 0.724025 0.219502
v -0.274475 0.671878 0.325773
v -0.463246 0.735141 0.107637
v -0.513244 0.727490 -0.001005
v -0.508352 0.717551 0.105211
v -0.330805 0.676623 0.327754
v -0.243079 0.604242 0.426961
v -0.403778 0.722885 0.219091
v -0.452984 0.712544 0.215957
v -0.500268 0.696682 0.211190
v -0.301978 0.609757 0.429722
v -0.203367 0.522515 0.517156
v -0.385290 0.676666 0.327299
v -0.436698 0.668871 0.322783
v -0.486260 0.656375 0.315832
v -0.264673 0.529274 0.520652
v -0.156438 0.429808 0.593748
v -0.359069 0.611386 0.429291
v -0.413147 0.606538 0.423539
v -0.465418 0.597803 0.414595
v -0.219574 0.437538 0.598088
v -0.103404 0.328427 0.654790
v -0.324419 0.532588 0.520281
v -0.381563 0.530156 0.513464
v -0.437145 0.524278 0.502781
v -0.167522 0.336143 0.660157
v -0.044850 0.220111 0.698886
v -0.281520 0.442165 0.597983
v -0.341482 0.441620 0.590473
v -0.400253 0.437972 0.578518
v -0.109110 0.227078 0.705012
v 0.018516 0.106671 0.724939
v -0.230830 0.341346 0.660615
v -0.292787 0.342363 0.652891
v -0.353934 0.340867 0.640258
v -0.045172 0.112569 0.731131
v 0.084963 -0.009231 0.732468
v -0.173043 0.232320 0.705893
v -0.236430 0.234684 0.698030
v -0.299489 0.235322 0.684922
v 0.022228 -0.004627 0.738264
v 0.152720 -0.124733 0.721374
v -0.109206 0.117592 0.731886
v -0.173814 0.121156 0.723576
v -0.238766 0.123846 0.709829
v 0.090961 -0.121622 0.726767
v 0.220881 -0.237013 0.692446
v -0.041558 -0.000024 0.738573
v -0.107096 0.004575 0.729737
v -0.173685 0.009171 0.715413
v 0.159841 -0.235551 0.698148
v 0.288376 -0.343319 0.646655
v 0.027581 -0.117640 0.726761
v -0.038498 -0.112206 0.717757
v -0.106198 -0.105902 0.703355
v 0.227751 -0.343607 0.653764
v 0.352616 -0.441124 0.584809
v 0.096752 -0.232367 0.698658
v 0.030245 -0.226310 0.690517
v -0.038311 -0.218530 0.677184
v 0.292883 -0.443188 0.593217
v 0.410619 -0.527642 0.507934
v 0.164731 -0.341362 0.655994
v 0.097718 -0.334895 0.650094
v 0.028310 -0.325895 0.639316
v 0.352940 -0.531537 0.516313
v 0.459345 -0.598829 0.418126
v 0.230384 -0.441972 0.597179
v 0.163278 -0.435287 0.593734
v 0.093406 -0.425321 0.585843
v 0.404361 -0.605053 0.425439
v 0.496384 -0.651411 0.318211
v 0.292026 -0.531456 0.520812
v 0.225721 -0.524749 0.518845
v 0.156182 -0.514065 0.512998
v 0.443969 -0.660589 0.323999
v 0.521874 -0.686465 0.212894
v 0.345678 -0.606537 0.429551
v 0.280829 -0.600121 0.428325
v 0.212280 -0.588965 0.423896
v 0.471374 -0.697644 0.216892
v 0.537361 -0.707074 0.106505
v 0.387517 -0.664154 0.327344
v 0.324336 -0.658364 0.326618
v 0.257117 -0.646961 0.323448
v 0.487824 -0.717881 0.108545
v 0.547461 -0.720000 -0.000000
v 0.498327 -0.728960 -0.000000
v 0.416632 -0.702639 0.219252
v 0.354821 -0.697325 0.218880
v 0.288767 -0.685827 0.216871
v 0.433947 -0.722599 0.109764
v 0.444809 -0.732335 -0.000000
v 0.372835 -0.717166 0.109615
v 0.383983 -0.726403 0.000000
v 0.307383 -0.705643 0.108645
v 0.318774 -0.714885 -0.000000
v 0.252627 -0.663107 0.031817
v 0.232928 -0.641793 0.105085
v 0.213517 -0.615773 0.199699
v 0.288767 -0.685827 0.216871
v 0.257117 -0.646961 0.323448
v 0.183851 -0.576732 0.293579
v 0.142842 -0.523692 0.380319
v 0.212280 -0.588965 0.423896
v 0.156182 -0.514065 0.512998
v 0.092339 -0.457683 0.457639
v 0.036353 -0.380378 0.523563
v 0.093406 -0.425321 0.585843
v 0.028310 -0.325895 0.639316
v -0.021346 -0.293680 0.576366
v -0.080093 -0.199768 0.615011
v -0.038311 -0.218530 0.677184
v -0.106198 -0.105902 0.703355
v -0.139741 -0.100932 0.638687
v -0.199108 0.000377 0.646794
v -0.173685 0.009171 0.715413
v -0.238766 0.123846 0.709829
v -0.256633 0.101670 0.638928
v -0.310291 0.200459 0.615233
v -0.299489 0.235322 0.684922
v -0.358210 0.294296 0.576179
v -0.353934 0.340867 0.640258
v -0.399611 0.380899 0.522965
v -0.400253 0.437972 0.578518
v -0.437145 0.524278 0.502781
v -0.434104 0.458103 0.457008
v -0.461765 0.524056 0.379863
v -0.465418 0.597803 0.414595
v -0.486260 0.656375 0.315832
v -0.482798 0.576998 0.293236
v -0.497459 0.615246 0.199305
v -0.500268 0.696682 0.211190
v -0.506480 0.638778 0.100401
v -0.508352 0.717551 0.105211
v -0.512448 0.654131 -0.001005
v -0.513244 0.727490 -0.001005
v 0.537361 -0.707074 0.106505
v 0.527335 -0.665894 0.028538
v 0.547461 -0.720000 -0.000000
v 0.516309 -0.645822 0.105152
v 0.521874 -0.686465 0.212894
v 0.500784 -0.622094 0.200912
v 0.496384 -0.651411 0.318211
v 0.476120 -0.584470 0.295924
v 0.459345 -0.598829 0.418126
v 0.441248 -0.531801 0.384003
v 0.410619 -0.527642 0.507934
v 0.396500 -0.465395 0.462633
v 0.352616 -0.441124 0.584809
v 0.344236 -0.387223 0.529812
v 0.288376 -0.343319 0.646655
v 0.287197 -0.299439 0.583808
v 0.220881 -0.237013 0.692446
v 0.227637 -0.204289 0.623453
v 0.152720 -0.124733 0.721374
v 0.167496 -0.104081 0.647802
v 0.084963 -0.009231 0.732468
v 0.107931 -0.001293 0.656234
v 0.018516 0.106671 0.724939
v 0.049919 0.101551 0.648371
v -0.005519 0.201922 0.624458
v -0.044850 0.220111 0.698886
v -0.103404 0.328427 0.654790
v -0.057388 0.297354 0.585021
v -0.156438 0.429808 0.593748
v -0.104845 0.385638 0.531089
v -0.203367 0.522515 0.517156
v -0.147011 0.464677 0.463927
v -0.243079 0.604242 0.426961
v -0.182701 0.532558 0.385240
v -0.274475 0.671878 0.325773
v -0.210852 0.587349 0.296965
v -0.231185 0.626855 0.201522
v -0.297043 0.719646 0.218280
v -0.311243 0.744370 0.108912
v -0.244288 0.650652 0.101415
v -0.320845 0.755941 -0.001005
v -0.253440 0.665675 -0.001005
v -0.218496 -0.393739 0.126158
v -0.348272 -1.267914 0.000000
v -0.252298 -0.394136 -0.000000
v -0.301612 -1.267367 0.174148
v -0.126149 -0.392655 0.218511
v -0.348061 -1.367551 0.000000
v -0.174136 -1.265870 0.301633
v -0.000000 -0.391175 0.252315
v -0.301430 -1.367004 0.174043
v -0.333359 -1.409217 -0.006477
v -0.000000 -1.263827 0.348296
v 0.126149 -0.389694 0.218511
v -0.174031 -1.365509 0.301451
v -0.288697 -1.408693 0.160214
v -0.294362 -1.450597 0.000000
v -0.254925 -1.450135 0.147191
v -0.166679 -1.407261 0.282240
v -0.147181 -1.448870 0.254942
v 0.174136 -1.261783 0.301633
v 0.218496 -0.388611 0.126158
v -0.000000 -1.363466 0.348085
v -0.000000 -1.405305 0.326905
v -0.000000 -1.447143 0.294382
v 0.301612 -1.260287 0.174148
v 0.252298 -0.388214 -0.000000
v 0.348272 -1.259739 0.000000
v 0.174031 -1.361424 0.301451
v 0.166679 -1.403348 0.282240
v 0.147181 -1.445415 0.254942
v 0.301430 -1.359929 0.174043
v 0.348061 -1.359381 -0.000000
v 0.288697 -1.401916 0.160214
v 0.254925 -1.444151 0.147191
v 0.333359 -1.401392 -0.006477
v 0.294362 -1.443688 0.000000
v -0.291431 0.864178 -0.000000
v -0.267424 0.927225 -0.000000
v -0.231596 0.927553 0.133722
v -0.252387 0.864536 0.145726
v -0.133712 0.928449 0.231612
v -0.273288 0.703126 -0.000000
v -0.145716 0.865512 0.252405
v -0.000000 0.929673 0.267443
v -0.236675 0.703556 0.136654
v -0.000000 0.866846 0.291452
v 0.133712 0.930897 0.231612
v -0.214210 0.615924 0.123684
v -0.247349 0.615535 0.000000
v -0.136644 0.704730 0.236692
v 0.145716 0.868180 0.252405
v 0.231596 0.931793 0.133722
v -0.196958 0.595030 0.113722
v -0.227427 0.594673 0.000000
v -0.113714 0.596007 0.196972
v -0.123674 0.616986 0.214226
v -0.000000 0.597342 0.227444
v -0.000000 0.618438 0.247367
v 0.113714 0.598677 0.196972
v -0.000000 0.706333 0.273308
v 0.123674 0.619889 0.214226
v 0.196958 0.599654 0.113722
v 0.136644 0.707937 0.236692
v 0.214210 0.620952 0.123684
v 0.227427 0.600011 -0.000000
v 0.247349 0.621341 -0.000000
v 0.236675 0.709111 0.136654
v 0.273288 0.709541 -0.000000
v 0.291431 0.869514 -0.000000
v 0.252387 0.869157 0.145726
v 0.267424 0.932121 0.000000
v -0.267424 0.927225 -0.000000
v -0.181152 0.975369 -0.000000
v -0.156882 0.975654 0.090582
v -0.231596 0.927553 0.133722
v -0.090576 0.976433 0.156893
v -0.133712 0.928449 0.231612
v -0.000000 0.977496 0.181164
v -0.000000 0.929673 0.267443
v 0.090576 0.978558 0.156893
v 0.133712 0.930897 0.231612
v 0.156882 0.979337 0.090582
v 0.231596 0.931793 0.133722
v 0.181152 0.979622 -0.000000
v 0.267424 0.932121 0.000000
v -0.254925 -1.450135 0.147191
v -0.180100 -1.492717 0.000000
v -0.294362 -1.450597 0.000000
v -0.155971 -1.492434 0.090056
v -0.147181 -1.448870 0.254942
v -0.000000 -1.511779 0.000000
v -0.090050 -1.491660 0.155982
v -0.000000 -1.447143 0.294382
v -0.000000 -1.490603 0.180113
v 0.147181 -1.445415 0.254942
v 0.090050 -1.489546 0.155982
v 0.254925 -1.444151 0.147191
v 0.155971 -1.488773 0.090056
v 0.180100 -1.488489 0.000000
v 0.294362 -1.443688 0.000000
v -0.181152 0.975369 -0.000000
v -0.000000 1.000808 0.000000
v -0.156882 0.975654 0.090582
v -0.090576 0.976433 0.156893
v -0.000000 0.977496 0.181164
v 0.090576 0.978558 0.156893
v 0.156882 0.979337 0.090582
v 0.181152 0.979622 -0.000000
v -0.218496 -0.393739 -0.126158
v -0.252298 -0.394136 -0.000000
v -0.348272 -1.267914 0.000000
v -0.301612 -1.267367 -0.174148
v -0.126149 -0.392655 -0.218511
v -0.348061 -1.367551 0.000000
v -0.174136 -1.265870 -0.301633
v -0.000000 -0.391175 -0.252315
v -0.301430 -1.367004 -0.174043
v -0.333359 -1.409217 0.006477
v -0.000000 -1.263827 -0.348296
v 0.126149 -0.389694 -0.218511
v -0.174031 -1.365509 -0.301451
v -0.288697 -1.408693 -0.160214
v -0.294362 -1.450597 0.000000
v -0.254925 -1.450135 -0.147191
v -0.166679 -1.407261 -0.282240
v -0.147181 -1.448870 -0.254942
v 0.174136 -1.261783 -0.301633
v 0.218496 -0.388611 -0.126158
v -0.000000 -1.363466 -0.348085
v -0.000000 -1.405305 -0.326905
v -0.000000 -1.447143 -0.294382
v 0.301612 -1.260287 -0.174148
v 0.252298 -0.388214 -0.000000
v 0.348272 -1.259739 0.000000
v 0.174031 -1.361424 -0.301451
v 0.166679 -1.403348 -0.282240
v 0.147181 -1.445415 -0.254942
v 0.301430 -1.359929 -0.174043
v 0.348061 -1.359381 -0.000000
v 0.288697 -1.401916 -0.160214
v 0.254925 -1.444151 -0.147191
v 0.333359 -1.401392 0.006477
v 0.294362 -1.443688 0.000000
v -0.291431 0.864178 -0.000000
v -0.231596 0.927553 -0.133722
v -0.267424 0.927225 -0.000000
v -0.252387 0.864536 -0.145726
v -0.133712 0.928449 -0.231612
v -0.273288 0.703126 -0.000000
v -0.145716 0.865512 -0.252405
v -0.000000 0.929673 -0.267443
v -0.236675 0.703556 -0.136654
v -0.000000 0.866846 -0.291452
v 0.133712 0.930897 -0.231612
v -0.214210 0.615924 -0.123684
v -0.247349 0.615535 0.000000
v -0.136644 0.704730 -0.236692
v 0.145716 0.868180 -0.252405
v 0.231596 0.931793 -0.133722
v -0.196958 0.595030 -0.113722
v -0.227427 0.594673 0.000000
v -0.113714 0.596007 -0.196972
v -0.123674 0.616986 -0.214226
v -0.000000 0.597342 -0.227444
v -0.000000 0.618438 -0.247367
v 0.113714 0.598677 -0.196972
v -0.000000 0.706333 -0.273308
v 0.123674 0.619889 -0.214226
v 0.196958 0.599654 -0.113722
v 0.136644 0.707937 -0.236692
v 0.214210 0.620952 -0.123684
v 0.227427 0.600011 -0.000000
v 0.247349 0.621341 -0.000000
v 0.236675 0.709111 -0.136654
v 0.273288 0.709541 -0.000000
v 0.291431 0.869514 -0.000000
v 0.252387 0.869157 -0.145726
v 0.267424 0.932121 0.000000
v -0.267424 0.927225 -0.000000
v -0.156882 0.975654 -0.090582
v -0.181152 0.975369 -0.000000
v -0.231596 0.927553 -0.133722
v -0.090576 0.976433 -0.156893
v -0.133712 0.928449 -0.231612
v -0.000000 0.977496 -0.181164
v -0.000000 0.929673 -0.267443
v 0.090576 0.978558 -0.156893
v 0.133712 0.930897 -0.231612
v 0.156882 0.979337 -0.090582
v 0.231596 0.931793 -0.133722
v 0.181152 0.979622 -0.000000
v 0.267424 0.932121 0.000000
v -0.254925 -1.450135 -0.147191
v -0.294362 -1.450597 0.000000
v -0.180100 -1.492717 0.000000
v -0.155971 -1.492434 -0.090056
v -0.147181 -1.448870 -0.254942
v -0.000000 -1.511779 0.000000
v -0.090050 -1.491660 -0.155982
v -0.000000 -1.447143 -0.294382
v -0.000000 -1.490603 -0.180113
v 0.147181 -1.445415 -0.254942
v 0.090050 -1.489546 -0.155982
v 0.254925 -1.444151 -0.147191
v 0.155971 -1.488773 -0.090056
v 0.180100 -1.488489 0.000000
v 0.294362 -1.443688 0.000000
v -0.181152 0.975369 -0.000000
v -0.156882 0.975654 -0.090582
v -0.000000 1.000808 0.000000
v -0.090576 0.976433 -0.156893
v -0.000000 0.977496 -0.181164
v 0.090576 0.978558 -0.156893
v 0.156882 0.979337 -0.090582
v 0.181152 0.979622 -0.000000
v 0.370794 0.752190 -0.000000
v 0.314882 0.741527 -0.000000
v 0.305463 0.730178 -0.107559
v 0.361483 0.740873 -0.109003
v 0.421943 0.753231 -0.000000
v 0.291535 0.705926 -0.214958
v 0.413310 0.742148 -0.109158
v 0.465152 0.738237 -0.000000
v 0.348307 0.716603 -0.217841
v 0.269400 0.659382 -0.321747
v 0.458150 0.727720 -0.107165
v 0.503597 0.713620 -0.000000
v 0.498799 0.703872 -0.103882
v 0.327972 0.670003 -0.326031
v 0.238605 0.595210 -0.426322
v 0.401294 0.718385 -0.218152
v 0.447974 0.705341 -0.214177
v 0.490870 0.683403 -0.207629
v 0.299465 0.606003 -0.431812
v 0.199653 0.519693 -0.526999
v 0.382922 0.672757 -0.326471
v 0.431837 0.662400 -0.320506
v 0.477130 0.644177 -0.310698
v 0.262568 0.531010 -0.533451
v 0.153622 0.431548 -0.622942
v 0.356868 0.610048 -0.432208
v 0.408507 0.602846 -0.424112
v 0.456687 0.588894 -0.410921
v 0.217952 0.443020 -0.630589
v 0.101604 0.329321 -0.710835
v 0.322435 0.536390 -0.533463
v 0.377220 0.531875 -0.522743
v 0.428956 0.521423 -0.505583
v 0.166447 0.339887 -0.720274
v 0.044170 0.218433 -0.776603
v 0.279803 0.449327 -0.629762
v 0.337525 0.447025 -0.614812
v 0.392770 0.439557 -0.591389
v 0.108640 0.227299 -0.787797
v -0.018004 0.105049 -0.808011
v 0.229431 0.346354 -0.718327
v 0.289314 0.345988 -0.697401
v 0.347338 0.341523 -0.665088
v 0.045321 0.111832 -0.820343
v -0.083334 -0.008579 -0.810952
v 0.172004 0.233363 -0.785736
v 0.233523 0.234759 -0.761583
v 0.293935 0.233353 -0.724176
v -0.021660 -0.004226 -0.824440
v -0.150142 -0.120986 -0.793589
v 0.108519 0.117200 -0.820220
v 0.171506 0.120208 -0.799340
v 0.234365 0.121801 -0.766005
v -0.090305 -0.119436 -0.808939
v -0.217299 -0.229935 -0.755018
v 0.040983 0.000111 -0.827251
v 0.105240 0.004423 -0.812270
v 0.170466 0.008718 -0.786614
v -0.159102 -0.231456 -0.772639
v -0.283520 -0.333151 -0.693738
v -0.028438 -0.116533 -0.814452
v 0.036816 -0.111376 -0.803570
v 0.104102 -0.104867 -0.782852
v -0.226563 -0.337807 -0.713300
v -0.346328 -0.428951 -0.614914
v -0.097944 -0.230291 -0.780802
v -0.031848 -0.224646 -0.773204
v 0.037209 -0.216315 -0.756148
v -0.290809 -0.436350 -0.634578
v -0.402934 -0.515312 -0.524598
v -0.165901 -0.338475 -0.724178
v -0.099067 -0.332496 -0.720582
v -0.028529 -0.322529 -0.708302
v -0.349636 -0.524711 -0.541483
v -0.450488 -0.588245 -0.425744
v -0.230964 -0.438519 -0.646668
v -0.163908 -0.431970 -0.646137
v -0.092526 -0.420192 -0.638033
v -0.399917 -0.599239 -0.438555
v -0.486716 -0.643873 -0.320800
v -0.291431 -0.527737 -0.552003
v -0.225045 -0.520142 -0.551916
v -0.153751 -0.506174 -0.545465
v -0.438859 -0.656420 -0.330032
v -0.511703 -0.680724 -0.213308
v -0.343902 -0.602882 -0.446244
v -0.278818 -0.594274 -0.445396
v -0.208290 -0.578315 -0.439427
v -0.465958 -0.694579 -0.219425
v -0.526893 -0.699711 -0.106338
v -0.385106 -0.660867 -0.335402
v -0.482246 -0.714388 -0.109402
v -0.536801 -0.708876 -0.000000
v -0.492644 -0.724078 -0.000000
v -0.321525 -0.651813 -0.334335
v -0.413986 -0.699836 -0.222954
v -0.431192 -0.720211 -0.111168
v -0.441985 -0.730304 -0.000000
v -0.351636 -0.690763 -0.222172
v -0.369459 -0.711278 -0.110771
v -0.380489 -0.721569 -0.000000
v -0.252047 -0.634659 -0.329406
v -0.283059 -0.673092 -0.218803
v -0.301319 -0.693491 -0.109077
v -0.312492 -0.703859 -0.000000
v -0.240539 -0.657070 -0.000000
v -0.228556 -0.638567 -0.103666
v -0.210285 -0.612765 -0.206500
v -0.180658 -0.573849 -0.307828
v -0.139488 -0.521949 -0.407616
v -0.153751 -0.506174 -0.545465
v -0.088489 -0.458381 -0.504533
v -0.032091 -0.383251 -0.591430
v -0.092526 -0.420192 -0.638033
v -0.028529 -0.322529 -0.708302
v 0.025482 -0.296959 -0.660658
v 0.083561 -0.202268 -0.708379
v 0.037209 -0.216315 -0.756148
v 0.104102 -0.104867 -0.782852
v 0.142164 -0.102465 -0.732331
v 0.200525 -0.000562 -0.732741
v 0.170466 0.008718 -0.786614
v 0.234365 0.121801 -0.766005
v 0.257441 0.100958 -0.711117
v 0.293935 0.233353 -0.724176
v 0.310755 0.201439 -0.671609
v 0.347338 0.341523 -0.665088
v 0.358393 0.299419 -0.618202
v 0.399583 0.388359 -0.551597
v 0.392770 0.439557 -0.591389
v 0.428956 0.521423 -0.505583
v 0.433934 0.462385 -0.472553
v 0.461298 0.523366 -0.385355
v 0.456687 0.588894 -0.410921
v 0.477130 0.644177 -0.310698
v 0.481758 0.573899 -0.294198
v 0.490870 0.683403 -0.207629
v 0.496099 0.611749 -0.199399
v 0.498799 0.703872 -0.103882
v 0.505547 0.635395 -0.100773
v 0.512414 0.650980 -0.000000
v 0.503597 0.713620 -0.000000
v -0.523251 -0.650169 -0.000000
v -0.536801 -0.708876 -0.000000
v -0.526893 -0.699711 -0.106338
v -0.512780 -0.634973 -0.103183
v -0.497351 -0.611614 -0.204677
v -0.511703 -0.680724 -0.213308
v -0.472753 -0.573478 -0.303030
v -0.486716 -0.643873 -0.320800
v -0.437754 -0.520133 -0.397728
v -0.450488 -0.588245 -0.425744
v -0.392580 -0.453047 -0.487917
v -0.402934 -0.515312 -0.524598
v -0.340293 -0.375097 -0.570432
v -0.346328 -0.428951 -0.614914
v -0.284310 -0.289185 -0.641178
v -0.283520 -0.333151 -0.693738
v -0.226629 -0.196903 -0.694647
v -0.217299 -0.229935 -0.755018
v -0.168711 -0.099687 -0.726645
v -0.150142 -0.120986 -0.793589
v -0.111280 0.000326 -0.739627
v -0.083334 -0.008579 -0.810952
v -0.054982 0.101069 -0.735343
v -0.018004 0.105049 -0.808011
v -0.000884 0.201439 -0.706069
v 0.044170 0.218433 -0.776603
v 0.101604 0.329321 -0.710835
v 0.049897 0.299419 -0.645984
v 0.096446 0.388359 -0.566385
v 0.153622 0.431548 -0.622942
v 0.137837 0.462385 -0.480276
v 0.199653 0.519693 -0.526999
v 0.172872 0.523366 -0.390408
v 0.238605 0.595210 -0.426322
v 0.200495 0.573899 -0.296985
v 0.269400 0.659382 -0.321747
v 0.220463 0.611749 -0.200306
v 0.291535 0.705926 -0.214958
v 0.305463 0.730178 -0.107559
v 0.233388 0.635395 -0.100886
v 0.242467 0.650980 -0.000000
v 0.314882 0.741527 -0.000000
v 0.370794 0.752190 -0.000000
v 0.305463 0.730178 0.107559
v 0.314882 0.741527 -0.000000
v 0.361483 0.740873 0.109003
v 0.421943 0.753231 -0.000000
v 0.291535 0.705926 0.214958
v 0.413310 0.742148 0.109158
v 0.465152 0.738237 -0.000000
v 0.348307 0.716603 0.217841
v 0.269400 0.659382 0.321747
v 0.458150 0.727720 0.107165
v 0.503597 0.713620 -0.000000
v 0.498799 0.703872 0.103882
v 0.327972 0.670003 0.326031
v 0.238605 0.595210 0.426322
v 0.401294 0.718385 0.218152
v 0.447974 0.705341 0.214177
v 0.490870 0.683403 0.207629
v 0.299465 0.606003 0.431812
v 0.199653 0.519693 0.526999
v 0.382922 0.672757 0.326471
v 0.431837 0.662400 0.320506
v 0.477130 0.644177 0.310698
v 0.262568 0.531010 0.533451
v 0.153622 0.431548 0.622942
v 0.356868 0.610048 0.432208
v 0.408507 0.602846 0.424112
v 0.456687 0.588894 0.410921
v 0.217952 0.443020 0.630589
v 0.101604 0.329321 0.710835
v 0.322435 0.536390 0.533463
v 0.377220 0.531875 0.522743
v 0.428956 0.521423 0.505583
v 0.166447 0.339887 0.720274
v 0.044170 0.218433 0.776603
v 0.279803 0.449327 0.629762
v 0.337525 0.447025 0.614812
v 0.392770 0.439557 0.591389
v 0.108640 0.227299 0.787797
v -0.018004 0.105049 0.808011
v 0.229430 0.346354 0.718327
v 0.289314 0.345988 0.697401
v 0.347338 0.341523 0.665088
v 0.045321 0.111832 0.820343
v -0.083334 -0.008579 0.810952
v 0.172004 0.233364 0.785736
v 0.233523 0.234759 0.761583
v 0.293935 0.233353 0.724176
v -0.021660 -0.004226 0.824440
v -0.150142 -0.120986 0.793589
v 0.108519 0.117200 0.820220
v 0.171506 0.120208 0.799340
v 0.234365 0.121801 0.766005
v -0.090305 -0.119436 0.808939
v -0.217299 -0.229935 0.755018
v 0.040983 0.000111 0.827251
v 0.105240 0.004423 0.812270
v 0.170466 0.008718 0.786614
v -0.159102 -0.231456 0.772639
v -0.283520 -0.333151 0.693738
v -0.028438 -0.116533 0.814452
v 0.036816 -0.111376 0.803570
v 0.104102 -0.104867 0.782852
v -0.226563 -0.337807 0.713300
v -0.346328 -0.428951 0.614914
v -0.097944 -0.230291 0.780802
v -0.031848 -0.224646 0.773204
v 0.037209 -0.216315 0.756148
v -0.290809 -0.436350 0.634578
v -0.402934 -0.515312 0.524598
v -0.165901 -0.338475 0.724178
v -0.099067 -0.332496 0.720582
v -0.028529 -0.322529 0.708302
v -0.349637 -0.524711 0.541483
v -0.450488 -0.588245 0.425744
v -0.230964 -0.438519 0.646668
v -0.163908 -0.431970 0.646137
v -0.092526 -0.420192 0.638033
v -0.399916 -0.599239 0.438555
v -0.486716 -0.643873 0.320800
v -0.291431 -0.527737 0.552003
v -0.225045 -0.520142 0.551916
v -0.153751 -0.506174 0.545465
v -0.438859 -0.656420 0.330032
v -0.511703 -0.680724 0.213308
v -0.343902 -0.602882 0.446244
v -0.278818 -0.594274 0.445396
v -0.208290 -0.578315 0.439427
v -0.465958 -0.694579 0.219425
v -0.526893 -0.699711 0.106338
v -0.385106 -0.660867 0.335402
v -0.482246 -0.714388 0.109402
v -0.536801 -0.708876 -0.000000
v -0.492644 -0.724078 -0.000000
v -0.321525 -0.651813 0.334335
v -0.413986 -0.699836 0.222954
v -0.431192 -0.720211 0.111168
v -0.441985 -0.730304 -0.000000
v -0.351636 -0.690763 0.222172
v -0.369459 -0.711278 0.110771
v -0.380489 -0.721569 -0.000000
v -0.252047 -0.634659 0.329406
v -0.283059 -0.673092 0.218803
v -0.301319 -0.693491 0.109077
v -0.312492 -0.703859 -0.000000
v -0.240539 -0.657070 -0.000000
v -0.228556 -0.638567 0.103666
v -0.210285 -0.612765 0.206500
v -0.180658 -0.573849 0.307828
v -0.139488 -0.521949 0.407616
v -0.153751 -0.506174 0.545465
v -0.088489 -0.458381 0.504533
v -0.032091 -0.383251 0.591430
v -0.092526 -0.420192 0.638033
v -0.028529 -0.322529 0.708302
v 0.025482 -0.296959 0.660658
v 0.083561 -0.202268 0.708379
v 0.037209 -0.216315 0.756148
v 0.104102 -0.104867 0.782852
v 0.142164 -0.102465 0.732331
v 0.200525 -0.000562 0.732741
v 0.170466 0.008718 0.786614
v 0.234365 0.121801 0.766005
v 0.257441 0.100958 0.711117
v 0.310755 0.201439 0.671609
v 0.293935 0.233353 0.724176
v 0.358393 0.299419 0.618202
v 0.347338 0.341523 0.665088
v 0.399583 0.388359 0.551597
v 0.392770 0.439557 0.591389
v 0.428956 0.521423 0.505583
v 0.433934 0.462385 0.472553
v 0.461298 0.523366 0.385355
v 0.456687 0.588894 0.410921
v 0.477130 0.644177 0.310698
v 0.481758 0.573899 0.294198
v 0.496099 0.611749 0.199399
v 0.490870 0.683403 0.207629
v 0.505547 0.635395 0.100773
v 0.498799 0.703872 0.103882
v 0.512414 0.650980 -0.000000
v 0.503597 0.713620 -0.000000
v -0.526893 -0.699711 0.106338
v -0.536801 -0.708876 -0.000000
v -0.523251 -0.650169 -0.000000
v -0.512780 -0.634973 0.103183
v -0.511703 -0.680724 0.213308
v -0.497351 -0.611614 0.204677
v -0.486716 -0.643873 0.320800
v -0.472753 -0.573478 0.303030
v -0.450488 -0.588245 0.425744
v -0.437754 -0.520133 0.397728
v -0.402934 -0.515312 0.524598
v -0.392580 -0.453047 0.487917
v -0.346328 -0.428951 0.614914
v -0.340293 -0.375097 0.570432
v -0.283520 -0.333151 0.693738
v -0.284310 -0.289185 0.641178
v -0.217299 -0.229935 0.755018
v -0.226629 -0.196903 0.694647
v -0.150142 -0.120986 0.793589
v -0.168711 -0.099687 0.726645
v -0.083334 -0.008579 0.810952
v -0.111280 0.000326 0.739627
v -0.018004 0.105049 0.808011
v -0.054982 0.101069 0.735343
v -0.000884 0.201439 0.706069
v 0.044170 0.218433 0.776603
v 0.101604 0.329321 0.710835
v 0.049897 0.299419 0.645984
v 0.153622 0.431548 0.622942
v 0.096446 0.388359 0.566385
v 0.199653 0.519693 0.526999
v 0.137837 0.462385 0.480276
v 0.238605 0.595210 0.426322
v 0.172872 0.523366 0.390408
v 0.269400 0.659382 0.321747
v 0.200495 0.573899 0.296985
v 0.220463 0.611749 0.200306
v 0.291535 0.705926 0.214958
v 0.305463 0.730178 0.107559
v 0.233388 0.635395 0.100886
v 0.314882 0.741527 -0.000000
v 0.242467 0.650980 -0.000000
vt 1.961914 0.075500
vt 1.967773 0.022675
vt 1.492188 0.023392
vt 1.944336 0.125610
vt 1.916016 0.170654
vt 1.878906 0.208374
vt 1.833008 0.236694
vt 1.783203 0.254395
vt 1.730469 0.260254
vt 1.677734 0.254395
vt 1.626953 0.236938
vt 1.582031 0.208740
vt 1.544922 0.171265
vt 1.515625 0.126343
vt 1.498047 0.076172
vt 0.967773 0.022675
vt 0.492432 0.023392
vt 0.498535 0.076172
vt 0.516113 0.126343
vt 0.544434 0.171265
vt 0.582031 0.208740
vt 0.627441 0.236938
vt 0.677734 0.254395
vt 0.730469 0.260254
vt 0.783203 0.254395
vt 0.833496 0.236694
vt 0.878418 0.208374
vt 0.916016 0.170654
vt 0.944336 0.125610
vt 0.961914 0.075500
vt 0.437500 0.979980
vt 0.454346 0.912109
vt 0.454346 0.979980
vt 0.437500 0.912109
vt 0.454346 0.844238
vt 0.420898 0.979980
vt 0.437500 0.844238
vt 0.454346 0.775879
vt 0.420898 0.912109
vt 0.437500 0.775879
vt 0.454346 0.708008
vt 0.057678 0.912109
vt 0.057678 0.979980
vt 0.040894 0.979980
vt 0.420898 0.844238
vt 0.437500 0.708008
vt 0.454346 0.640137
vt 0.040894 0.912109
vt 0.024094 0.979980
vt 0.024094 0.912109
vt 0.057678 0.844238
vt 0.040894 0.844238
vt 0.024094 0.844238
vt 0.420898 0.775879
vt 0.057678 0.775879
vt 0.040894 0.775879
vt 0.024094 0.775879
vt 0.057678 0.708008
vt 0.040894 0.708008
vt 0.024094 0.708008
vt 0.420898 0.708008
vt 0.040894 0.640137
vt 0.024094 0.640137
vt 0.057678 0.640137
vt 0.437500 0.640137
vt 0.454346 0.572266
vt 0.040894 0.572266
vt 0.024094 0.572266
vt 0.420898 0.640137
vt 0.437500 0.572266
vt 0.454346 0.504395
vt 0.057678 0.572266
vt 0.040894 0.504395
vt 0.024094 0.504395
vt 0.437500 0.504395
vt 0.454346 0.436279
vt 0.420898 0.572266
vt 0.057678 0.504395
vt 0.040894 0.436279
vt 0.024094 0.436279
vt 0.437500 0.436279
vt 0.454346 0.368408
vt 0.420898 0.504395
vt 0.057678 0.436279
vt 0.040894 0.368408
vt 0.024094 0.368408
vt 0.437500 0.368408
vt 0.454346 0.300293
vt 0.420898 0.436279
vt 0.057678 0.368408
vt 0.040894 0.300293
vt 0.024094 0.300293
vt 0.437500 0.300293
vt 0.454346 0.232422
vt 0.420898 0.368408
vt 0.057678 0.300293
vt 0.040894 0.232422
vt 0.024094 0.232422
vt 0.437500 0.232422
vt 0.454346 0.164429
vt 0.420898 0.300293
vt 0.057678 0.232422
vt 0.040894 0.164429
vt 0.024094 0.164429
vt 0.437500 0.164429
vt 0.454346 0.096436
vt 0.420898 0.232422
vt 0.057678 0.164429
vt 0.040894 0.096436
vt 0.024094 0.096436
vt 0.437500 0.096436
vt 0.454346 0.028488
vt 0.437500 0.028488
vt 0.420898 0.164429
vt 0.057678 0.096436
vt 0.420898 0.096436
vt 0.420898 0.028488
vt 0.057678 0.028488
vt 0.040894 0.028488
vt 0.024094 0.028488
vt 1.492188 0.023392
vt 1.967773 0.022675
vt 1.961914 0.075500
vt 1.944336 0.125610
vt 1.916016 0.170654
vt 1.878906 0.208374
vt 1.833008 0.236694
vt 1.783203 0.254395
vt 1.730469 0.260254
vt 1.677734 0.254395
vt 1.626953 0.236938
vt 1.582031 0.208740
vt 1.544922 0.171265
vt 1.515625 0.126343
vt 1.498047 0.076172
vt 0.498535 0.076172
vt 0.492432 0.023392
vt 0.967773 0.022675
vt 0.516113 0.126343
vt 0.544434 0.171265
vt 0.582031 0.208740
vt 0.627441 0.236938
vt 0.677734 0.254395
vt 0.730469 0.260254
vt 0.783203 0.254395
vt 0.833496 0.236694
vt 0.878418 0.208374
vt 0.916016 0.170654
vt 0.944336 0.125610
vt 0.961914 0.075500
vt 0.437500 0.979980
vt 0.454346 0.979980
vt 0.454346 0.912109
vt 0.437500 0.912109
vt 0.454346 0.844238
vt 0.420898 0.979980
vt 0.437500 0.844238
vt 0.454346 0.775879
vt 0.420898 0.912109
vt 0.437500 0.775879
vt 0.454346 0.708008
vt 0.057678 0.912109
vt 0.057678 0.979980
vt 0.040894 0.979980
vt 0.420898 0.844238
vt 0.437500 0.708008
vt 0.454346 0.640137
vt 0.040894 0.912109
vt 0.024094 0.979980
vt 0.024094 0.912109
vt 0.057678 0.844238
vt 0.040894 0.844238
vt 0.024094 0.844238
vt 0.420898 0.775879
vt 0.057678 0.775879
vt 0.040894 0.775879
vt 0.024094 0.775879
vt 0.057678 0.708008
vt 0.040894 0.708008
vt 0.024094 0.708008
vt 0.420898 0.708008
vt 0.057678 0.640137
vt 0.040894 0.640137
vt 0.024094 0.640137
vt 0.437500 0.640137
vt 0.454346 0.572266
vt 0.420898 0.640137
vt 0.437500 0.572266
vt 0.454346 0.504395
vt 0.057678 0.572266
vt 0.040894 0.572266
vt 0.024094 0.572266
vt 0.437500 0.504395
vt 0.454346 0.436279
vt 0.420898 0.572266
vt 0.057678 0.504395
vt 0.040894 0.504395
vt 0.024094 0.504395
vt 0.437500 0.436279
vt 0.454346 0.368408
vt 0.420898 0.504395
vt 0.057678 0.436279
vt 0.040894 0.436279
vt 0.024094 0.436279
vt 0.437500 0.368408
vt 0.454346 0.300293
vt 0.420898 0.436279
vt 0.057678 0.368408
vt 0.040894 0.368408
vt 0.024094 0.368408
vt 0.437500 0.300293
vt 0.454346 0.232422
vt 0.420898 0.368408
vt 0.057678 0.300293
vt 0.040894 0.300293
vt 0.024094 0.300293
vt 0.437500 0.232422
vt 0.454346 0.164429
vt 0.420898 0.300293
vt 0.057678 0.232422
vt 0.040894 0.232422
vt 0.024094 0.232422
vt 0.437500 0.164429
vt 0.454346 0.096436
vt 0.420898 0.232422
vt 0.057678 0.164429
vt 0.040894 0.164429
vt 0.024094 0.164429
vt 0.437500 0.096436
vt 0.454346 0.028488
vt 0.437500 0.028488
vt 0.420898 0.164429
vt 0.420898 0.096436
vt 0.420898 0.028488
vt 0.057678 0.028488
vt 0.057678 0.096436
vt 0.040894 0.096436
vt 0.024094 0.096436
vt 0.040894 0.028488
vt 0.024094 0.028488
vt 0.743164 0.983887
vt 0.722168 0.960938
vt 0.722168 0.983887
vt 0.743164 0.960938
vt 0.763672 0.983887
vt 0.722168 0.937988
vt 0.763672 0.960938
vt 0.784180 0.983887
vt 0.743164 0.937988
vt 0.722168 0.914551
vt 0.784180 0.960938
vt 0.804688 0.983887
vt 0.804688 0.960938
vt 0.743164 0.914551
vt 0.722168 0.890625
vt 0.763672 0.937988
vt 0.784180 0.937988
vt 0.804688 0.937988
vt 0.743164 0.890625
vt 0.722168 0.866211
vt 0.763672 0.914551
vt 0.784180 0.914551
vt 0.804688 0.914551
vt 0.743164 0.866211
vt 0.722168 0.840820
vt 0.763672 0.890625
vt 0.784180 0.890625
vt 0.804688 0.890625
vt 0.743164 0.840820
vt 0.722168 0.815430
vt 0.763672 0.866211
vt 0.784180 0.866211
vt 0.804688 0.866211
vt 0.743164 0.815430
vt 0.722168 0.789551
vt 0.763672 0.840820
vt 0.784180 0.840820
vt 0.804688 0.840820
vt 0.743164 0.789551
vt 0.722168 0.763184
vt 0.763672 0.815430
vt 0.784180 0.815430
vt 0.804688 0.815430
vt 0.743164 0.763184
vt 0.722168 0.736328
vt 0.763672 0.789551
vt 0.784180 0.789551
vt 0.804688 0.789551
vt 0.743164 0.736328
vt 0.722168 0.709961
vt 0.763672 0.763184
vt 0.784180 0.763184
vt 0.804688 0.763184
vt 0.743164 0.709961
vt 0.722168 0.683594
vt 0.763672 0.736328
vt 0.784180 0.736328
vt 0.804688 0.736328
vt 0.743164 0.683594
vt 0.722168 0.657715
vt 0.763672 0.709961
vt 0.784180 0.709961
vt 0.804688 0.709961
vt 0.743164 0.657715
vt 0.722168 0.632324
vt 0.763672 0.683594
vt 0.784180 0.683594
vt 0.804688 0.683594
vt 0.743164 0.632324
vt 0.722168 0.607422
vt 0.763672 0.657715
vt 0.784180 0.657715
vt 0.804688 0.657715
vt 0.743164 0.607422
vt 0.722168 0.582520
vt 0.763672 0.632324
vt 0.784180 0.632324
vt 0.804688 0.632324
vt 0.743164 0.582520
vt 0.722168 0.558594
vt 0.763672 0.607422
vt 0.784180 0.607422
vt 0.804688 0.607422
vt 0.743164 0.558594
vt 0.722168 0.535156
vt 0.763672 0.582520
vt 0.784180 0.582520
vt 0.804688 0.582520
vt 0.743164 0.535156
vt 0.722168 0.512207
vt 0.763672 0.558594
vt 0.784180 0.558594
vt 0.804688 0.558594
vt 0.743164 0.512207
vt 0.722168 0.489502
vt 0.743164 0.489502
vt 0.763672 0.535156
vt 0.784180 0.535156
vt 0.804688 0.535156
vt 0.763672 0.512207
vt 0.763672 0.489502
vt 0.784180 0.512207
vt 0.784180 0.489502
vt 0.804688 0.512207
vt 0.804688 0.489502
vt 0.827148 0.489502
vt 0.827148 0.512207
vt 0.827148 0.534668
vt 0.804688 0.535156
vt 0.804688 0.558594
vt 0.827148 0.558594
vt 0.827148 0.582520
vt 0.804688 0.582520
vt 0.804688 0.607422
vt 0.827148 0.607422
vt 0.827148 0.632324
vt 0.804688 0.632324
vt 0.804688 0.657715
vt 0.827148 0.657715
vt 0.827148 0.683105
vt 0.804688 0.683594
vt 0.804688 0.709961
vt 0.827148 0.709961
vt 0.827148 0.736328
vt 0.804688 0.736328
vt 0.804688 0.763184
vt 0.827148 0.763184
vt 0.827148 0.789551
vt 0.804688 0.789551
vt 0.827148 0.815430
vt 0.804688 0.815430
vt 0.827148 0.841309
vt 0.804688 0.840820
vt 0.804688 0.866211
vt 0.827148 0.866211
vt 0.827148 0.890625
vt 0.804688 0.890625
vt 0.804688 0.914551
vt 0.827148 0.914551
vt 0.827148 0.938477
vt 0.804688 0.937988
vt 0.827148 0.960938
vt 0.804688 0.960938
vt 0.827148 0.983887
vt 0.804688 0.983887
vt 0.722168 0.512207
vt 0.722168 0.489502
vt 0.700195 0.489502
vt 0.700195 0.512207
vt 0.722168 0.535156
vt 0.700195 0.534668
vt 0.722168 0.558594
vt 0.700195 0.558594
vt 0.722168 0.582520
vt 0.700195 0.582520
vt 0.722168 0.607422
vt 0.700195 0.607422
vt 0.722168 0.632324
vt 0.700195 0.632324
vt 0.722168 0.657715
vt 0.700195 0.657715
vt 0.722168 0.683594
vt 0.700195 0.683105
vt 0.722168 0.709961
vt 0.700195 0.709961
vt 0.722168 0.736328
vt 0.700195 0.736328
vt 0.722168 0.763184
vt 0.700195 0.763184
vt 0.700195 0.789551
vt 0.722168 0.789551
vt 0.722168 0.815430
vt 0.700195 0.815430
vt 0.722168 0.840820
vt 0.700195 0.841309
vt 0.722168 0.866211
vt 0.700195 0.866211
vt 0.722168 0.890625
vt 0.700195 0.890625
vt 0.722168 0.914551
vt 0.700195 0.914551
vt 0.700195 0.938477
vt 0.722168 0.937988
vt 0.722168 0.960938
vt 0.700195 0.960938
vt 0.722168 0.983887
vt 0.700195 0.983887
vt 0.743164 0.983887
vt 0.722168 0.983887
vt 0.722168 0.960938
vt 0.743164 0.960938
vt 0.763672 0.983887
vt 0.722168 0.937988
vt 0.763672 0.960938
vt 0.784180 0.983887
vt 0.743164 0.937988
vt 0.722168 0.914551
vt 0.784180 0.960938
vt 0.804688 0.983887
vt 0.804688 0.960938
vt 0.743164 0.914551
vt 0.722168 0.890625
vt 0.763672 0.937988
vt 0.784180 0.937988
vt 0.804688 0.937988
vt 0.743164 0.890625
vt 0.722168 0.866211
vt 0.763672 0.914551
vt 0.784180 0.914551
vt 0.804688 0.914551
vt 0.743164 0.866211
vt 0.722168 0.840820
vt 0.763672 0.890625
vt 0.784180 0.890625
vt 0.804688 0.890625
vt 0.743164 0.840820
vt 0.722168 0.815430
vt 0.763672 0.866211
vt 0.784180 0.866211
vt 0.804688 0.866211
vt 0.743164 0.815430
vt 0.722168 0.789551
vt 0.763672 0.840820
vt 0.784180 0.840820
vt 0.804688 0.840820
vt 0.743164 0.789551
vt 0.722168 0.763184
vt 0.763672 0.815430
vt 0.784180 0.815430
vt 0.804688 0.815430
vt 0.743164 0.763184
vt 0.722168 0.736328
vt 0.763672 0.789551
vt 0.784180 0.789551
vt 0.804688 0.789551
vt 0.743164 0.736328
vt 0.722168 0.709961
vt 0.763672 0.763184
vt 0.784180 0.763184
vt 0.804688 0.763184
vt 0.743164 0.709961
vt 0.722168 0.683594
vt 0.763672 0.736328
vt 0.784180 0.736328
vt 0.804688 0.736328
vt 0.743164 0.683594
vt 0.722168 0.657715
vt 0.763672 0.709961
vt 0.784180 0.709961
vt 0.804688 0.709961
vt 0.743164 0.657715
vt 0.722168 0.632324
vt 0.763672 0.683594
vt 0.784180 0.683594
vt 0.804688 0.683594
vt 0.743164 0.632324
vt 0.722168 0.607422
vt 0.763672 0.657715
vt 0.784180 0.657715
vt 0.804688 0.657715
vt 0.743164 0.607422
vt 0.722168 0.582520
vt 0.763672 0.632324
vt 0.784180 0.632324
vt 0.804688 0.632324
vt 0.743164 0.582520
vt 0.722168 0.558594
vt 0.763672 0.607422
vt 0.784180 0.607422
vt 0.804688 0.607422
vt 0.743164 0.558594
vt 0.722168 0.535156
vt 0.763672 0.582520
vt 0.784180 0.582520
vt 0.804688 0.582520
vt 0.743164 0.535156
vt 0.722168 0.512207
vt 0.763672 0.558594
vt 0.784180 0.558594
vt 0.804688 0.558594
vt 0.743164 0.512207
vt 0.722168 0.489502
vt 0.743164 0.489502
vt 0.763672 0.535156
vt 0.784180 0.535156
vt 0.804688 0.535156
vt 0.763672 0.512207
vt 0.763672 0.489502
vt 0.784180 0.512207
vt 0.784180 0.489502
vt 0.804688 0.512207
vt 0.804688 0.489502
vt 0.826172 0.489502
vt 0.826172 0.512207
vt 0.826172 0.534668
vt 0.804688 0.535156
vt 0.804688 0.558594
vt 0.826172 0.558594
vt 0.826172 0.582520
vt 0.804688 0.582520
vt 0.804688 0.607422
vt 0.826172 0.607422
vt 0.826172 0.632324
vt 0.804688 0.632324
vt 0.804688 0.657715
vt 0.826172 0.657715
vt 0.826172 0.683105
vt 0.804688 0.683594
vt 0.804688 0.709961
vt 0.826172 0.709961
vt 0.826172 0.736328
vt 0.804688 0.736328
vt 0.804688 0.763184
vt 0.826172 0.763184
vt 0.826172 0.789551
vt 0.804688 0.789551
vt 0.826172 0.815430
vt 0.804688 0.815430
vt 0.826172 0.841309
vt 0.804688 0.840820
vt 0.804688 0.866211
vt 0.826172 0.866211
vt 0.826172 0.890625
vt 0.804688 0.890625
vt 0.804688 0.914551
vt 0.826172 0.914551
vt 0.826172 0.938477
vt 0.804688 0.937988
vt 0.826172 0.960938
vt 0.804688 0.960938
vt 0.826172 0.983887
vt 0.804688 0.983887
vt 0.722168 0.512207
vt 0.703125 0.489502
vt 0.722168 0.489502
vt 0.703125 0.512207
vt 0.722168 0.535156
vt 0.703125 0.534668
vt 0.722168 0.558594
vt 0.703125 0.558594
vt 0.722168 0.582520
vt 0.703125 0.582520
vt 0.722168 0.607422
vt 0.703125 0.607422
vt 0.722168 0.632324
vt 0.703125 0.632324
vt 0.722168 0.657715
vt 0.703125 0.657715
vt 0.722168 0.683594
vt 0.703125 0.683594
vt 0.722168 0.709961
vt 0.703125 0.709961
vt 0.722168 0.736328
vt 0.703125 0.736328
vt 0.722168 0.763184
vt 0.703125 0.763184
vt 0.703125 0.789551
vt 0.722168 0.789551
vt 0.722168 0.815430
vt 0.703125 0.815430
vt 0.722168 0.840820
vt 0.703125 0.841309
vt 0.722168 0.866211
vt 0.703125 0.866211
vt 0.722168 0.890625
vt 0.703125 0.890625
vt 0.722168 0.914551
vt 0.703125 0.914551
vt 0.703125 0.938477
vt 0.722168 0.937988
vt 0.722168 0.960938
vt 0.703125 0.960938
vt 0.722168 0.983887
vt 0.703125 0.983887
vt 0.514160 0.981934
vt 0.481445 0.471924
vt 0.481445 0.981934
vt 0.514160 0.471924
vt 0.546875 0.981934
vt 0.481445 0.413818
vt 0.546875 0.471924
vt 0.579590 0.981934
vt 0.514160 0.413818
vt 0.481445 0.385010
vt 0.579590 0.471924
vt 0.612305 0.981934
vt 0.546875 0.413818
vt 0.514160 0.385010
vt 0.481445 0.356201
vt 0.514160 0.356201
vt 0.546875 0.385010
vt 0.546875 0.356201
vt 0.612305 0.471924
vt 0.645020 0.981934
vt 0.579590 0.413818
vt 0.579590 0.385010
vt 0.579590 0.356201
vt 0.645020 0.471924
vt 0.677246 0.981934
vt 0.677246 0.471924
vt 0.612305 0.413818
vt 0.612305 0.385010
vt 0.612305 0.356201
vt 0.645020 0.413818
vt 0.677246 0.413818
vt 0.645020 0.385010
vt 0.645020 0.356201
vt 0.677246 0.385010
vt 0.677246 0.356201
vt 0.699219 0.423096
vt 0.699219 0.441162
vt 0.748047 0.441162
vt 0.748047 0.423096
vt 0.797363 0.441406
vt 0.699219 0.379150
vt 0.797363 0.423096
vt 0.846191 0.441406
vt 0.748047 0.379150
vt 0.846191 0.423096
vt 0.895508 0.441406
vt 0.748047 0.354492
vt 0.699219 0.354492
vt 0.797363 0.379395
vt 0.895508 0.423096
vt 0.944336 0.441406
vt 0.748047 0.346680
vt 0.699219 0.346436
vt 0.797363 0.346680
vt 0.797363 0.354492
vt 0.846191 0.346680
vt 0.846191 0.354492
vt 0.895508 0.346680
vt 0.846191 0.379395
vt 0.895508 0.354492
vt 0.944336 0.346680
vt 0.895508 0.379395
vt 0.944336 0.354492
vt 0.993164 0.346680
vt 0.993164 0.354492
vt 0.944336 0.379395
vt 0.993164 0.379395
vt 0.993164 0.423096
vt 0.944336 0.423096
vt 0.993164 0.441406
vt 0.699219 0.441162
vt 0.699219 0.468018
vt 0.748047 0.468018
vt 0.748047 0.441162
vt 0.797363 0.468018
vt 0.797363 0.441406
vt 0.846191 0.468018
vt 0.846191 0.441406
vt 0.895508 0.468018
vt 0.895508 0.441406
vt 0.944336 0.468018
vt 0.944336 0.441406
vt 0.993164 0.468018
vt 0.993164 0.441406
vt 0.975098 0.275391
vt 0.953613 0.317871
vt 0.986328 0.317871
vt 0.946777 0.291992
vt 0.943848 0.244629
vt 0.901855 0.318115
vt 0.927734 0.273193
vt 0.901855 0.233276
vt 0.901855 0.266357
vt 0.859375 0.244751
vt 0.875977 0.273193
vt 0.828613 0.275635
vt 0.856934 0.292236
vt 0.850098 0.318115
vt 0.816895 0.317871
vt 0.485596 0.322754
vt 0.570312 0.323975
vt 0.497559 0.280762
vt 0.528809 0.250000
vt 0.571289 0.239258
vt 0.613281 0.250977
vt 0.644043 0.282471
vt 0.654785 0.324707
vt 0.514160 0.981934
vt 0.481445 0.981934
vt 0.481445 0.471924
vt 0.514160 0.471924
vt 0.546875 0.981934
vt 0.481445 0.413818
vt 0.546875 0.471924
vt 0.579590 0.981934
vt 0.514160 0.413818
vt 0.481445 0.385010
vt 0.579590 0.471924
vt 0.612305 0.981934
vt 0.546875 0.413818
vt 0.514160 0.385010
vt 0.481445 0.356201
vt 0.514160 0.356201
vt 0.546875 0.385010
vt 0.546875 0.356201
vt 0.612305 0.471924
vt 0.645020 0.981934
vt 0.579590 0.413818
vt 0.579590 0.385010
vt 0.579590 0.356201
vt 0.645020 0.471924
vt 0.677246 0.981934
vt 0.677246 0.471924
vt 0.612305 0.413818
vt 0.612305 0.385010
vt 0.612305 0.356201
vt 0.645020 0.413818
vt 0.677246 0.413818
vt 0.645020 0.385010
vt 0.645020 0.356201
vt 0.677246 0.385010
vt 0.677246 0.356201
vt 0.699219 0.423096
vt 0.748047 0.441162
vt 0.699219 0.441162
vt 0.748047 0.423096
vt 0.797363 0.441406
vt 0.699219 0.379150
vt 0.797363 0.423096
vt 0.846191 0.441406
vt 0.748047 0.379150
vt 0.846191 0.423096
vt 0.895508 0.441406
vt 0.748047 0.354492
vt 0.699219 0.354492
vt 0.797363 0.379395
vt 0.895508 0.423096
vt 0.944336 0.441406
vt 0.748047 0.346680
vt 0.699219 0.346436
vt 0.797363 0.346680
vt 0.797363 0.354492
vt 0.846191 0.346680
vt 0.846191 0.354492
vt 0.895508 0.346680
vt 0.846191 0.379395
vt 0.895508 0.354492
vt 0.944336 0.346680
vt 0.895508 0.379395
vt 0.944336 0.354492
vt 0.993164 0.346680
vt 0.993164 0.354492
vt 0.944336 0.379395
vt 0.993164 0.379395
vt 0.993164 0.423096
vt 0.944336 0.423096
vt 0.993164 0.441406
vt 0.699219 0.441162
vt 0.748047 0.468018
vt 0.699219 0.468018
vt 0.748047 0.441162
vt 0.797363 0.468018
vt 0.797363 0.441406
vt 0.846191 0.468018
vt 0.846191 0.441406
vt 0.895508 0.468018
vt 0.895508 0.441406
vt 0.944336 0.468018
vt 0.944336 0.441406
vt 0.993164 0.468018
vt 0.993164 0.441406
vt 0.975098 0.275391
vt 0.986328 0.317871
vt 0.953613 0.317871
vt 0.946777 0.291992
vt 0.943848 0.244629
vt 0.901855 0.318115
vt 0.927734 0.273193
vt 0.901855 0.233276
vt 0.901855 0.266357
vt 0.859375 0.244751
vt 0.875977 0.273193
vt 0.828613 0.275635
vt 0.856934 0.292236
vt 0.850098 0.318115
vt 0.816895 0.317871
vt 0.485596 0.322754
vt 0.497559 0.280762
vt 0.570312 0.323975
vt 0.528809 0.250000
vt 0.571289 0.239258
vt 0.613281 0.250977
vt 0.644043 0.282471
vt 0.654785 0.324707
vt 0.898926 0.983398
vt 0.877441 0.983398
vt 0.877441 0.960938
vt 0.898926 0.960938
vt 0.920410 0.983398
vt 0.877441 0.937988
vt 0.919922 0.960938
vt 0.940918 0.983398
vt 0.898926 0.937988
vt 0.877441 0.914551
vt 0.940430 0.960938
vt 0.960938 0.983398
vt 0.960938 0.960938
vt 0.898926 0.914551
vt 0.877441 0.891113
vt 0.919922 0.937988
vt 0.940430 0.937988
vt 0.960938 0.937988
vt 0.898926 0.891113
vt 0.877441 0.866699
vt 0.919922 0.914551
vt 0.940430 0.914551
vt 0.960938 0.914551
vt 0.898926 0.866699
vt 0.877441 0.841797
vt 0.919922 0.891113
vt 0.940430 0.891113
vt 0.960938 0.891113
vt 0.898926 0.841797
vt 0.877441 0.816406
vt 0.919922 0.866699
vt 0.940430 0.866699
vt 0.960938 0.866699
vt 0.898926 0.816406
vt 0.877441 0.790527
vt 0.919922 0.841797
vt 0.940430 0.841797
vt 0.960938 0.841797
vt 0.898926 0.790527
vt 0.877441 0.764160
vt 0.919922 0.816406
vt 0.940430 0.816406
vt 0.960938 0.816406
vt 0.898926 0.764160
vt 0.877441 0.738281
vt 0.919922 0.790527
vt 0.940430 0.790527
vt 0.960938 0.790527
vt 0.898926 0.738281
vt 0.877441 0.711914
vt 0.919922 0.764160
vt 0.940430 0.764160
vt 0.960938 0.764160
vt 0.898926 0.711914
vt 0.877441 0.685547
vt 0.919922 0.738281
vt 0.940430 0.738281
vt 0.960938 0.738281
vt 0.898926 0.685547
vt 0.877441 0.660156
vt 0.919922 0.711914
vt 0.940430 0.711914
vt 0.960938 0.711914
vt 0.898926 0.660156
vt 0.877441 0.634766
vt 0.919922 0.685547
vt 0.940430 0.685547
vt 0.960938 0.685547
vt 0.898926 0.634766
vt 0.877441 0.609863
vt 0.919922 0.660156
vt 0.940430 0.660156
vt 0.960938 0.660156
vt 0.898926 0.609863
vt 0.877441 0.585449
vt 0.919922 0.634766
vt 0.940430 0.634766
vt 0.960938 0.634766
vt 0.898926 0.585449
vt 0.877441 0.561523
vt 0.919922 0.609863
vt 0.940430 0.609863
vt 0.960938 0.609863
vt 0.898926 0.561523
vt 0.877441 0.538086
vt 0.919922 0.585449
vt 0.940430 0.585449
vt 0.960938 0.585449
vt 0.898926 0.538086
vt 0.877441 0.515625
vt 0.919922 0.561523
vt 0.898926 0.515625
vt 0.877441 0.492920
vt 0.898926 0.492920
vt 0.940430 0.561523
vt 0.919922 0.538086
vt 0.919922 0.515625
vt 0.920410 0.492920
vt 0.940430 0.538086
vt 0.940430 0.515625
vt 0.940918 0.492920
vt 0.960938 0.561523
vt 0.960938 0.538086
vt 0.960938 0.515625
vt 0.960938 0.492920
vt 0.978516 0.492920
vt 0.978516 0.515137
vt 0.978516 0.537598
vt 0.978516 0.561523
vt 0.978516 0.584961
vt 0.960938 0.609863
vt 0.978516 0.609863
vt 0.978516 0.634766
vt 0.960938 0.634766
vt 0.960938 0.660156
vt 0.978516 0.660156
vt 0.978516 0.685547
vt 0.960938 0.685547
vt 0.960938 0.711914
vt 0.978516 0.711914
vt 0.978516 0.738281
vt 0.960938 0.738281
vt 0.960938 0.764160
vt 0.978516 0.764648
vt 0.960938 0.790527
vt 0.978516 0.790527
vt 0.960938 0.816406
vt 0.978516 0.816406
vt 0.978516 0.842285
vt 0.960938 0.841797
vt 0.960938 0.866699
vt 0.978516 0.866699
vt 0.978516 0.891113
vt 0.960938 0.891113
vt 0.960938 0.914551
vt 0.978516 0.915039
vt 0.960938 0.937988
vt 0.978516 0.938477
vt 0.960938 0.960938
vt 0.978516 0.960938
vt 0.978516 0.983398
vt 0.960938 0.983398
vt 0.853516 0.492920
vt 0.877441 0.492920
vt 0.877441 0.515625
vt 0.853516 0.515137
vt 0.853516 0.537598
vt 0.877441 0.538086
vt 0.853516 0.561523
vt 0.877441 0.561523
vt 0.853516 0.584961
vt 0.877441 0.585449
vt 0.853516 0.609863
vt 0.877441 0.609863
vt 0.853516 0.634766
vt 0.877441 0.634766
vt 0.853516 0.660156
vt 0.877441 0.660156
vt 0.853516 0.685547
vt 0.877441 0.685547
vt 0.853516 0.711914
vt 0.877441 0.711914
vt 0.853516 0.738281
vt 0.877441 0.738281
vt 0.853516 0.764648
vt 0.877441 0.764160
vt 0.853516 0.790527
vt 0.877441 0.790527
vt 0.877441 0.816406
vt 0.853516 0.816406
vt 0.853516 0.842285
vt 0.877441 0.841797
vt 0.853516 0.866699
vt 0.877441 0.866699
vt 0.853516 0.891113
vt 0.877441 0.891113
vt 0.853516 0.915039
vt 0.877441 0.914551
vt 0.853516 0.938477
vt 0.877441 0.937988
vt 0.877441 0.960938
vt 0.853516 0.960938
vt 0.853516 0.983398
vt 0.877441 0.983398
vt 0.898926 0.983398
vt 0.877441 0.960938
vt 0.877441 0.983398
vt 0.898926 0.960938
vt 0.920410 0.983398
vt 0.877441 0.937988
vt 0.919922 0.960938
vt 0.940918 0.983398
vt 0.898926 0.937988
vt 0.877441 0.914551
vt 0.940430 0.960938
vt 0.960938 0.983398
vt 0.960938 0.960938
vt 0.898926 0.914551
vt 0.877441 0.891113
vt 0.919922 0.937988
vt 0.940430 0.937988
vt 0.960938 0.937988
vt 0.898926 0.891113
vt 0.877441 0.866699
vt 0.919922 0.914551
vt 0.940430 0.914551
vt 0.960938 0.914551
vt 0.898926 0.866699
vt 0.877441 0.841797
vt 0.919922 0.891113
vt 0.940430 0.891113
vt 0.960938 0.891113
vt 0.898926 0.841797
vt 0.877441 0.816406
vt 0.919922 0.866699
vt 0.940430 0.866699
vt 0.960938 0.866699
vt 0.898926 0.816406
vt 0.877441 0.790527
vt 0.919922 0.841797
vt 0.940430 0.841797
vt 0.960938 0.841797
vt 0.898926 0.790527
vt 0.877441 0.764160
vt 0.919922 0.816406
vt 0.940430 0.816406
vt 0.960938 0.816406
vt 0.898926 0.764160
vt 0.877441 0.738281
vt 0.919922 0.790527
vt 0.940430 0.790527
vt 0.960938 0.790527
vt 0.898926 0.738281
vt 0.877441 0.711914
vt 0.919922 0.764160
vt 0.940430 0.764160
vt 0.960938 0.764160
vt 0.898926 0.711914
vt 0.877441 0.685547
vt 0.919922 0.738281
vt 0.940430 0.738281
vt 0.960938 0.738281
vt 0.898926 0.685547
vt 0.877441 0.660156
vt 0.919922 0.711914
vt 0.940430 0.711914
vt 0.960938 0.711914
vt 0.898926 0.660156
vt 0.877441 0.634766
vt 0.919922 0.685547
vt 0.940430 0.685547
vt 0.960938 0.685547
vt 0.898926 0.634766
vt 0.877441 0.609863
vt 0.919922 0.660156
vt 0.940430 0.660156
vt 0.960938 0.660156
vt 0.898926 0.609863
vt 0.877441 0.585449
vt 0.919922 0.634766
vt 0.940430 0.634766
vt 0.960938 0.634766
vt 0.898926 0.585449
vt 0.877441 0.561523
vt 0.919922 0.609863
vt 0.940430 0.609863
vt 0.960938 0.609863
vt 0.898926 0.561523
vt 0.877441 0.538086
vt 0.919922 0.585449
vt 0.940430 0.585449
vt 0.960938 0.585449
vt 0.898926 0.538086
vt 0.877441 0.515625
vt 0.919922 0.561523
vt 0.898926 0.515625
vt 0.877441 0.492920
vt 0.898926 0.492920
vt 0.940430 0.561523
vt 0.919922 0.538086
vt 0.919922 0.515625
vt 0.920410 0.492920
vt 0.940430 0.538086
vt 0.940430 0.515625
vt 0.940918 0.492920
vt 0.960938 0.561523
vt 0.960938 0.538086
vt 0.960938 0.515625
vt 0.960938 0.492920
vt 0.978516 0.492920
vt 0.978516 0.515137
vt 0.978516 0.537598
vt 0.978516 0.561523
vt 0.978516 0.584961
vt 0.960938 0.609863
vt 0.978516 0.609863
vt 0.978516 0.634766
vt 0.960938 0.634766
vt 0.960938 0.660156
vt 0.978516 0.660156
vt 0.978516 0.685547
vt 0.960938 0.685547
vt 0.960938 0.711914
vt 0.978516 0.711914
vt 0.978516 0.738281
vt 0.960938 0.738281
vt 0.960938 0.764160
vt 0.978516 0.764648
vt 0.978516 0.790527
vt 0.960938 0.790527
vt 0.978516 0.816406
vt 0.960938 0.816406
vt 0.978516 0.842285
vt 0.960938 0.841797
vt 0.960938 0.866699
vt 0.978516 0.866699
vt 0.978516 0.891113
vt 0.960938 0.891113
vt 0.960938 0.914551
vt 0.978516 0.915039
vt 0.978516 0.938477
vt 0.960938 0.937988
vt 0.978516 0.960938
vt 0.960938 0.960938
vt 0.978516 0.983398
vt 0.960938 0.983398
vt 0.877441 0.515625
vt 0.877441 0.492920
vt 0.853516 0.492920
vt 0.853516 0.515137
vt 0.877441 0.538086
vt 0.853516 0.537598
vt 0.877441 0.561523
vt 0.853516 0.561523
vt 0.877441 0.585449
vt 0.853516 0.584961
vt 0.877441 0.609863
vt 0.853516 0.609863
vt 0.877441 0.634766
vt 0.853516 0.634766
vt 0.877441 0.660156
vt 0.853516 0.660156
vt 0.877441 0.685547
vt 0.853516 0.685547
vt 0.877441 0.711914
vt 0.853516 0.711914
vt 0.877441 0.738281
vt 0.853516 0.738281
vt 0.877441 0.764160
vt 0.853516 0.764648
vt 0.853516 0.790527
vt 0.877441 0.790527
vt 0.877441 0.816406
vt 0.853516 0.816406
vt 0.877441 0.841797
vt 0.853516 0.842285
vt 0.877441 0.866699
vt 0.853516 0.866699
vt 0.877441 0.891113
vt 0.853516 0.891113
vt 0.877441 0.914551
vt 0.853516 0.915039
vt 0.853516 0.938477
vt 0.877441 0.937988
vt 0.877441 0.960938
vt 0.853516 0.960938
vt 0.877441 0.983398
vt 0.853516 0.983398
vn 1.00000 0.00000 0.00000
vn 1.00000 0.00000 -0.00000
vn 1.00000 0.00000 -0.00000
vn 1.00000 0.00000 0.00000
vn 1.00000 0.00000 0.00000
vn 1.00000 0.00000 0.00000
vn 1.00000 0.00000 0.00000
vn 1.00000 0.00000 0.00000
vn 1.00000 0.00000 0.00000
vn 1.00000 0.00000 0.00000
vn 1.00000 0.00000 0.00000
vn 1.00000 0.00000 0.00000
vn 1.00000 0.00000 0.00000
vn 1.00000 0.00000 0.00000
vn 1.00000 0.00000 0.00000
vn -1.00000 0.00000 -0.00000
vn -1.00000 0.00000 -0.00000
vn -1.00000 0.00000 0.00000
vn -1.00000 0.00000 0.00000
vn -1.00000 0.00000 0.00000
vn -1.00000 0.00000 0.00000
vn -1.00000 0.00000 0.00000
vn -1.00000 0.00000 0.00000
vn -1.00000 0.00000 0.00000
vn -1.00000 0.00000 0.00000
vn -1.00000 0.00000 0.00000
vn -1.00000 0.00000 0.00000
vn -1.00000 0.00000 0.00000
vn -1.00000 0.00000 0.00000
vn -1.00000 0.00000 0.00000
vn -0.31885 -0.94775 -0.00000
vn -0.45605 -0.86768 -0.19800
vn -0.45605 -0.89014 -0.00000
vn -0.31885 -0.92383 -0.21094
vn -0.45605 -0.80176 -0.38623
vn -0.09033 -0.99609 -0.00000
vn -0.31885 -0.85400 -0.41113
vn -0.45605 -0.69580 -0.55469
vn -0.09033 -0.97070 -0.22156
vn -0.31885 -0.74121 -0.59082
vn -0.45605 -0.55469 -0.69580
vn 0.09033 -0.97070 -0.22156
vn 0.09033 -0.99609 -0.00000
vn 0.31885 -0.94775 -0.00000
vn -0.09033 -0.89746 -0.43213
vn -0.31885 -0.59082 -0.74121
vn -0.45605 -0.38623 -0.80176
vn 0.31885 -0.92383 -0.21094
vn 0.45605 -0.89014 -0.00000
vn 0.45605 -0.86768 -0.19800
vn 0.09033 -0.89746 -0.43213
vn 0.31885 -0.85400 -0.41113
vn 0.45605 -0.80176 -0.38623
vn -0.09033 -0.77881 -0.62109
vn 0.09033 -0.77881 -0.62109
vn 0.31885 -0.74121 -0.59082
vn 0.45605 -0.69580 -0.55469
vn 0.09033 -0.62109 -0.77881
vn 0.31885 -0.59082 -0.74121
vn 0.45605 -0.55469 -0.69580
vn -0.09033 -0.62109 -0.77881
vn 0.31885 -0.41113 -0.85400
vn 0.45605 -0.38623 -0.80176
vn 0.09033 -0.43213 -0.89746
vn -0.31885 -0.41113 -0.85400
vn -0.45605 -0.19800 -0.86768
vn 0.31885 -0.21094 -0.92383
vn 0.45605 -0.19800 -0.86768
vn -0.09033 -0.43213 -0.89746
vn -0.31885 -0.21094 -0.92383
vn -0.45605 0.00000 -0.89014
vn 0.09033 -0.22156 -0.97070
vn 0.31885 0.00000 -0.94775
vn 0.45605 0.00000 -0.89014
vn -0.31885 0.00000 -0.94775
vn -0.45605 0.19800 -0.86768
vn -0.09033 -0.22156 -0.97070
vn 0.09033 0.00000 -0.99609
vn 0.31885 0.21094 -0.92383
vn 0.45605 0.19800 -0.86768
vn -0.31885 0.21094 -0.92383
vn -0.45605 0.38623 -0.80176
vn -0.09033 0.00000 -0.99609
vn 0.09033 0.22156 -0.97070
vn 0.31885 0.41113 -0.85400
vn 0.45605 0.38623 -0.80176
vn -0.31885 0.41113 -0.85400
vn -0.45605 0.55469 -0.69580
vn -0.09033 0.22156 -0.97070
vn 0.09033 0.43213 -0.89746
vn 0.31885 0.59082 -0.74121
vn 0.45605 0.55469 -0.69580
vn -0.31885 0.59082 -0.74121
vn -0.45605 0.69580 -0.55469
vn -0.09033 0.43213 -0.89746
vn 0.09033 0.62109 -0.77881
vn 0.31885 0.74121 -0.59082
vn 0.45605 0.69580 -0.55469
vn -0.31885 0.74121 -0.59082
vn -0.45605 0.80176 -0.38623
vn -0.09033 0.62109 -0.77881
vn 0.09033 0.77881 -0.62109
vn 0.31885 0.85400 -0.41113
vn 0.45605 0.80176 -0.38623
vn -0.31885 0.85400 -0.41113
vn -0.45605 0.86768 -0.19800
vn -0.09033 0.77881 -0.62109
vn 0.09033 0.89746 -0.43213
vn 0.31885 0.92383 -0.21094
vn 0.45605 0.86768 -0.19800
vn -0.31885 0.92383 -0.21094
vn -0.45605 0.89014 -0.00000
vn -0.31885 0.94775 -0.00000
vn -0.09033 0.89746 -0.43213
vn 0.09033 0.97070 -0.22156
vn -0.09033 0.97070 -0.22156
vn -0.09033 0.99609 -0.00000
vn 0.09033 0.99609 -0.00000
vn 0.31885 0.94775 -0.00000
vn 0.45605 0.89014 -0.00000
vn 1.00000 0.00000 -0.00000
vn 1.00000 0.00000 -0.00000
vn 1.00000 0.00000 -0.00000
vn 1.00000 0.00000 -0.00000
vn 1.00000 0.00000 -0.00000
vn 1.00000 0.00000 -0.00000
vn 1.00000 0.00000 -0.00000
vn 1.00000 0.00000 -0.00000
vn 1.00000 0.00000 -0.00000
vn 1.00000 0.00000 -0.00000
vn 1.00000 0.00000 -0.00000
vn 1.00000 0.00000 -0.00000
vn 1.00000 0.00000 -0.00000
vn 1.00000 0.00000 -0.00000
vn 1.00000 0.00000 -0.00000
vn -1.00000 0.00000 -0.00000
vn -1.00000 0.00000 -0.00000
vn -1.00000 0.00000 -0.00000
vn -1.00000 0.00000 -0.00000
vn -1.00000 0.00000 -0.00000
vn -1.00000 0.00000 -0.00000
vn -1.00000 0.00000 -0.00000
vn -1.00000 0.00000 -0.00000
vn -1.00000 0.00000 -0.00000
vn -1.00000 0.00000 -0.00000
vn -1.00000 0.00000 -0.00000
vn -1.00000 0.00000 -0.00000
vn -1.00000 0.00000 -0.00000
vn -1.00000 0.00000 -0.00000
vn -1.00000 0.00000 -0.00000
vn -0.31885 -0.94775 -0.00000
vn -0.45605 -0.89014 -0.00000
vn -0.45605 -0.86768 0.19800
vn -0.31885 -0.92383 0.21094
vn -0.45605 -0.80176 0.38623
vn -0.09033 -0.99609 -0.00000
vn -0.31885 -0.85400 0.41113
vn -0.45605 -0.69580 0.55469
vn -0.09033 -0.97070 0.22156
vn -0.31885 -0.74121 0.59082
vn -0.45605 -0.55469 0.69580
vn 0.09033 -0.97070 0.22156
vn 0.09033 -0.99609 -0.00000
vn 0.31885 -0.94775 -0.00000
vn -0.09033 -0.89746 0.43213
vn -0.31885 -0.59082 0.74121
vn -0.45605 -0.38623 0.80176
vn 0.31885 -0.92383 0.21094
vn 0.45605 -0.89014 -0.00000
vn 0.45605 -0.86768 0.19800
vn 0.09033 -0.89746 0.43213
vn 0.31885 -0.85400 0.41113
vn 0.45605 -0.80176 0.38623
vn -0.09033 -0.77881 0.62109
vn 0.09033 -0.77881 0.62109
vn 0.31885 -0.74121 0.59082
vn 0.45605 -0.69580 0.55469
vn 0.09033 -0.62109 0.77881
vn 0.31885 -0.59082 0.74121
vn 0.45605 -0.55469 0.69580
vn -0.09033 -0.62109 0.77881
vn 0.09033 -0.43213 0.89746
vn 0.31885 -0.41113 0.85400
vn 0.45605 -0.38623 0.80176
vn -0.31885 -0.41113 0.85400
vn -0.45605 -0.19800 0.86768
vn -0.09033 -0.43213 0.89746
vn -0.31885 -0.21094 0.92383
vn -0.45605 0.00000 0.89014
vn 0.09033 -0.22156 0.97070
vn 0.31885 -0.21094 0.92383
vn 0.45605 -0.19800 0.86768
vn -0.31885 0.00000 0.94775
vn -0.45605 0.19800 0.86768
vn -0.09033 -0.22156 0.97070
vn 0.09033 0.00000 0.99609
vn 0.31885 0.00000 0.94775
vn 0.45605 0.00000 0.89014
vn -0.31885 0.21094 0.92383
vn -0.45605 0.38623 0.80176
vn -0.09033 0.00000 0.99609
vn 0.09033 0.22156 0.97070
vn 0.31885 0.21094 0.92383
vn 0.45605 0.19800 0.86768
vn -0.31885 0.41113 0.85400
vn -0.45605 0.55469 0.69580
vn -0.09033 0.22156 0.97070
vn 0.09033 0.43213 0.89746
vn 0.31885 0.41113 0.85400
vn 0.45605 0.38623 0.80176
vn -0.31885 0.59082 0.74121
vn -0.45605 0.69580 0.55469
vn -0.09033 0.43213 0.89746
vn 0.09033 0.62109 0.77881
vn 0.31885 0.59082 0.74121
vn 0.45605 0.55469 0.69580
vn -0.31885 0.74121 0.59082
vn -0.45605 0.80176 0.38623
vn -0.09033 0.62109 0.77881
vn 0.09033 0.77881 0.62109
vn 0.31885 0.74121 0.59082
vn 0.45605 0.69580 0.55469
vn -0.31885 0.85400 0.41113
vn -0.45605 0.86768 0.19800
vn -0.09033 0.77881 0.62109
vn 0.09033 0.89746 0.43213
vn 0.31885 0.85400 0.41113
vn 0.45605 0.80176 0.38623
vn -0.31885 0.92383 0.21094
vn -0.45605 0.89014 -0.00000
vn -0.31885 0.94775 -0.00000
vn -0.09033 0.89746 0.43213
vn -0.09033 0.97070 0.22156
vn -0.09033 0.99609 -0.00000
vn 0.09033 0.99609 -0.00000
vn 0.09033 0.97070 0.22156
vn 0.31885 0.92383 0.21094
vn 0.45605 0.86768 0.19800
vn 0.31885 0.94775 -0.00000
vn 0.45605 0.89014 -0.00000
vn 0.01669 0.99463 -0.10126
vn 0.07922 0.98438 -0.15686
vn 0.07703 0.99219 -0.09692
vn 0.02248 0.98730 -0.15771
vn -0.14783 0.98291 -0.10992
vn 0.08453 0.94727 -0.30835
vn -0.13647 0.97656 -0.16650
vn -0.31470 0.94238 -0.11145
vn 0.03102 0.95166 -0.30518
vn 0.09290 0.87793 -0.46997
vn -0.30078 0.93896 -0.16614
vn -0.37744 0.91943 -0.10901
vn -0.36353 0.91748 -0.16040
vn 0.04440 0.88330 -0.46680
vn 0.10553 0.79736 -0.59424
vn -0.11652 0.94189 -0.31445
vn -0.26831 0.91211 -0.31006
vn -0.32739 0.89697 -0.29785
vn 0.06036 0.80322 -0.59229
vn 0.11945 0.70801 -0.69580
vn -0.08832 0.87402 -0.47827
vn -0.22559 0.85107 -0.47461
vn -0.28052 0.84277 -0.45923
vn 0.07501 0.71484 -0.69531
vn 0.12854 0.60352 -0.78711
vn -0.06137 0.79102 -0.60889
vn -0.18750 0.76807 -0.61230
vn -0.23840 0.76514 -0.59766
vn 0.08423 0.60986 -0.78809
vn 0.13025 0.47949 -0.86768
vn -0.04337 0.69482 -0.71777
vn -0.16528 0.66504 -0.72803
vn -0.21313 0.66504 -0.71582
vn 0.08630 0.48584 -0.86963
vn 0.12360 0.33472 -0.93408
vn -0.03458 0.57959 -0.81396
vn -0.15588 0.54053 -0.82666
vn -0.20215 0.54248 -0.81543
vn 0.08051 0.33984 -0.93701
vn 0.10925 0.17383 -0.97852
vn -0.03287 0.44287 -0.89600
vn -0.15295 0.39380 -0.90625
vn -0.19775 0.39917 -0.89551
vn 0.06696 0.17773 -0.98193
vn 0.09222 0.00639 -0.99561
vn -0.03854 0.28345 -0.95801
vn -0.15625 0.22363 -0.96191
vn -0.19861 0.23206 -0.95215
vn 0.04980 0.01006 -0.99854
vn 0.08282 -0.15186 -0.98486
vn -0.05148 0.11047 -0.99268
vn -0.16602 0.04352 -0.98535
vn -0.20557 0.05023 -0.97754
vn 0.03833 -0.14832 -0.98828
vn 0.09106 -0.29224 -0.95215
vn -0.06732 -0.05991 -0.99609
vn -0.17798 -0.12598 -0.97607
vn -0.21558 -0.12183 -0.96875
vn 0.04272 -0.28760 -0.95654
vn 0.11389 -0.42334 -0.89893
vn -0.07727 -0.21191 -0.97412
vn -0.18445 -0.26880 -0.94531
vn -0.22168 -0.26709 -0.93799
vn 0.06293 -0.41797 -0.90625
vn 0.13672 -0.55518 -0.82031
vn -0.07220 -0.33984 -0.93750
vn -0.17773 -0.38306 -0.90625
vn -0.21680 -0.37939 -0.89941
vn 0.08557 -0.55127 -0.83008
vn 0.15369 -0.68408 -0.71289
vn -0.05310 -0.46216 -0.88525
vn -0.15942 -0.49634 -0.85352
vn -0.19983 -0.48340 -0.85205
vn 0.10168 -0.68213 -0.72412
vn 0.17468 -0.79834 -0.57666
vn -0.03326 -0.59375 -0.80371
vn -0.14160 -0.62549 -0.76758
vn -0.18115 -0.60889 -0.77197
vn 0.11804 -0.79883 -0.58984
vn 0.20215 -0.88184 -0.42627
vn -0.02170 -0.72070 -0.69287
vn -0.13318 -0.74707 -0.65088
vn -0.17163 -0.73633 -0.65430
vn 0.14075 -0.88867 -0.43677
vn 0.21912 -0.93506 -0.27905
vn -0.01353 -0.82812 -0.56055
vn -0.13110 -0.84424 -0.51953
vn -0.17065 -0.83643 -0.52100
vn 0.15686 -0.94678 -0.28149
vn 0.20898 -0.96338 -0.16748
vn -0.00265 -0.91064 -0.41284
vn -0.12988 -0.91650 -0.37817
vn -0.17249 -0.90918 -0.37866
vn 0.14868 -0.97607 -0.16003
vn 0.19897 -0.97998 -0.00000
vn 0.14111 -0.99023 -0.00000
vn 0.00508 -0.96582 -0.25903
vn -0.12891 -0.96436 -0.23157
vn -0.17383 -0.95752 -0.23071
vn -0.00059 -0.99072 -0.13562
vn -0.00303 -1.00000 -0.00000
vn -0.13086 -0.98486 -0.11426
vn -0.13074 -0.99121 -0.00000
vn -0.41919 -0.90479 -0.07520
vn -0.36377 -0.93164 -0.00024
vn -0.63232 -0.77441 -0.02319
vn -0.65479 -0.75488 -0.03525
vn -0.68457 -0.72656 -0.05591
vn -0.68115 -0.72998 -0.05298
vn -0.70166 -0.70850 -0.07544
vn -0.70410 -0.70557 -0.07941
vn -0.71387 -0.69141 -0.10852
vn -0.71289 -0.69385 -0.10242
vn -0.72119 -0.67822 -0.14246
vn -0.72266 -0.67383 -0.15259
vn -0.73486 -0.64355 -0.21509
vn -0.73193 -0.65088 -0.20117
vn -0.74414 -0.61133 -0.26929
vn -0.74609 -0.60303 -0.28271
vn -0.75781 -0.56104 -0.33398
vn -0.75537 -0.56836 -0.32666
vn -0.77441 -0.52197 -0.35669
vn -0.77734 -0.51709 -0.35791
vn -0.80664 -0.46948 -0.35864
vn -0.80566 -0.47144 -0.35889
vn -0.84131 -0.41699 -0.34351
vn -0.84082 -0.41772 -0.34399
vn -0.87598 -0.36230 -0.31885
vn -0.87744 -0.35962 -0.31738
vn -0.90820 -0.30542 -0.28589
vn -0.91064 -0.30127 -0.28320
vn -0.93604 -0.24866 -0.24951
vn -0.93848 -0.24292 -0.24585
vn -0.96045 -0.18420 -0.20996
vn -0.95801 -0.19080 -0.21375
vn -0.97461 -0.13489 -0.17908
vn -0.97607 -0.12866 -0.17480
vn -0.98730 -0.08215 -0.13623
vn -0.98633 -0.08704 -0.14111
vn -0.99365 -0.05188 -0.09906
vn -0.99414 -0.04922 -0.09485
vn -0.99756 -0.02879 -0.06384
vn -0.99756 -0.02754 -0.06210
vn -0.99854 -0.01910 -0.05017
vn -0.99854 -0.01910 -0.05017
vn 0.94385 0.32471 -0.06067
vn 0.94434 0.32520 -0.05038
vn 0.94434 0.32520 -0.05038
vn 0.94385 0.32471 -0.06403
vn 0.94092 0.32495 -0.09314
vn 0.94043 0.32520 -0.09735
vn 0.93359 0.33032 -0.13904
vn 0.93213 0.33154 -0.14478
vn 0.91943 0.34546 -0.18713
vn 0.91748 0.34814 -0.19312
vn 0.90137 0.36890 -0.22668
vn 0.89893 0.37231 -0.23071
vn 0.88379 0.39331 -0.25366
vn 0.88184 0.39575 -0.25610
vn 0.86865 0.41382 -0.27319
vn 0.86719 0.41504 -0.27466
vn 0.85547 0.43091 -0.28735
vn 0.85498 0.43164 -0.28784
vn 0.84277 0.45020 -0.29565
vn 0.84277 0.44995 -0.29565
vn 0.82764 0.47461 -0.29980
vn 0.82812 0.47363 -0.29956
vn 0.81104 0.50293 -0.29858
vn 0.81250 0.50049 -0.29907
vn 0.79785 0.52881 -0.29004
vn 0.79639 0.53174 -0.28857
vn 0.78613 0.55811 -0.26587
vn 0.78662 0.55518 -0.26929
vn 0.78223 0.57861 -0.23010
vn 0.78223 0.57666 -0.23572
vn 0.78711 0.58838 -0.18604
vn 0.78564 0.58789 -0.19312
vn 0.79834 0.58594 -0.13989
vn 0.79590 0.58691 -0.14758
vn 0.81006 0.57861 -0.09326
vn 0.80811 0.58008 -0.10114
vn 0.81543 0.57666 -0.05362
vn 0.81543 0.57666 -0.04764
vn 0.81152 0.58398 -0.01512
vn 0.81250 0.58301 -0.01726
vn 0.80762 0.58984 -0.00438
vn 0.80762 0.58984 -0.00438
vn 0.01669 0.99463 0.10126
vn 0.07703 0.99219 0.09692
vn 0.07922 0.98438 0.15686
vn 0.02248 0.98730 0.15771
vn -0.14783 0.98291 0.10992
vn 0.08453 0.94727 0.30835
vn -0.13647 0.97656 0.16650
vn -0.31470 0.94238 0.11145
vn 0.03102 0.95166 0.30518
vn 0.09290 0.87793 0.46997
vn -0.30078 0.93896 0.16614
vn -0.37744 0.91943 0.10901
vn -0.36353 0.91748 0.16040
vn 0.04440 0.88330 0.46680
vn 0.10553 0.79736 0.59424
vn -0.11652 0.94189 0.31445
vn -0.26831 0.91211 0.31006
vn -0.32739 0.89697 0.29785
vn 0.06036 0.80322 0.59229
vn 0.11945 0.70801 0.69580
vn -0.08832 0.87402 0.47827
vn -0.22559 0.85107 0.47461
vn -0.28052 0.84277 0.45923
vn 0.07501 0.71484 0.69531
vn 0.12854 0.60352 0.78711
vn -0.06137 0.79102 0.60889
vn -0.18750 0.76807 0.61230
vn -0.23840 0.76514 0.59766
vn 0.08423 0.60986 0.78809
vn 0.13025 0.47949 0.86768
vn -0.04337 0.69482 0.71777
vn -0.16528 0.66504 0.72803
vn -0.21313 0.66504 0.71582
vn 0.08630 0.48584 0.86963
vn 0.12360 0.33472 0.93408
vn -0.03458 0.57959 0.81396
vn -0.15588 0.54053 0.82666
vn -0.20215 0.54248 0.81543
vn 0.08051 0.33984 0.93701
vn 0.10925 0.17383 0.97852
vn -0.03287 0.44287 0.89600
vn -0.15295 0.39380 0.90625
vn -0.19775 0.39917 0.89551
vn 0.06696 0.17773 0.98193
vn 0.09222 0.00639 0.99561
vn -0.03854 0.28345 0.95801
vn -0.15625 0.22363 0.96191
vn -0.19861 0.23206 0.95215
vn 0.04980 0.01006 0.99854
vn 0.08282 -0.15186 0.98486
vn -0.05148 0.11047 0.99268
vn -0.16602 0.04352 0.98535
vn -0.20557 0.05023 0.97754
vn 0.03833 -0.14832 0.98828
vn 0.09106 -0.29224 0.95215
vn -0.06732 -0.05991 0.99609
vn -0.17798 -0.12598 0.97607
vn -0.21558 -0.12183 0.96875
vn 0.04272 -0.28760 0.95654
vn 0.11389 -0.42334 0.89893
vn -0.07727 -0.21191 0.97412
vn -0.18445 -0.26880 0.94531
vn -0.22168 -0.26709 0.93799
vn 0.06293 -0.41797 0.90625
vn 0.13672 -0.55518 0.82031
vn -0.07220 -0.33984 0.93750
vn -0.17773 -0.38306 0.90625
vn -0.21680 -0.37939 0.89941
vn 0.08557 -0.55127 0.83008
vn 0.15369 -0.68408 0.71289
vn -0.05310 -0.46216 0.88525
vn -0.15942 -0.49634 0.85352
vn -0.19983 -0.48340 0.85205
vn 0.10168 -0.68213 0.72412
vn 0.17468 -0.79834 0.57666
vn -0.03326 -0.59375 0.80371
vn -0.14160 -0.62549 0.76758
vn -0.18115 -0.60889 0.77197
vn 0.11804 -0.79883 0.58984
vn 0.20215 -0.88184 0.42627
vn -0.02170 -0.72070 0.69287
vn -0.13318 -0.74707 0.65088
vn -0.17163 -0.73633 0.65430
vn 0.14075 -0.88867 0.43677
vn 0.21912 -0.93506 0.27905
vn -0.01353 -0.82812 0.56055
vn -0.13110 -0.84424 0.51953
vn -0.17065 -0.83643 0.52100
vn 0.15686 -0.94678 0.28149
vn 0.20898 -0.96338 0.16748
vn -0.00265 -0.91064 0.41284
vn -0.12988 -0.91650 0.37817
vn -0.17249 -0.90918 0.37866
vn 0.14868 -0.97607 0.16003
vn 0.19897 -0.97998 -0.00000
vn 0.14111 -0.99023 -0.00000
vn 0.00508 -0.96582 0.25903
vn -0.12891 -0.96436 0.23157
vn -0.17383 -0.95752 0.23071
vn -0.00059 -0.99072 0.13562
vn -0.00303 -1.00000 -0.00000
vn -0.13086 -0.98486 0.11426
vn -0.13074 -0.99121 -0.00000
vn -0.41943 -0.90479 0.07465
vn -0.36377 -0.93164 -0.00024
vn -0.63232 -0.77441 0.02199
vn -0.65479 -0.75488 0.03412
vn -0.68457 -0.72656 0.05521
vn -0.68115 -0.72998 0.05225
vn -0.70166 -0.70850 0.07513
vn -0.70410 -0.70557 0.07910
vn -0.71387 -0.69141 0.10858
vn -0.71289 -0.69385 0.10242
vn -0.72119 -0.67822 0.14270
vn -0.72266 -0.67383 0.15271
vn -0.73486 -0.64307 0.21533
vn -0.73242 -0.65039 0.20142
vn -0.74414 -0.61133 0.26978
vn -0.74609 -0.60254 0.28296
vn -0.75781 -0.56055 0.33398
vn -0.75537 -0.56787 0.32690
vn -0.77441 -0.52246 0.35669
vn -0.77734 -0.51709 0.35791
vn -0.80664 -0.46973 0.35864
vn -0.80566 -0.47168 0.35889
vn -0.84131 -0.41724 0.34351
vn -0.84082 -0.41797 0.34399
vn -0.87598 -0.36230 0.31885
vn -0.87744 -0.35962 0.31738
vn -0.90820 -0.30542 0.28589
vn -0.91064 -0.30127 0.28320
vn -0.93604 -0.24854 0.24939
vn -0.93848 -0.24280 0.24561
vn -0.96045 -0.18396 0.20959
vn -0.95801 -0.19055 0.21338
vn -0.97461 -0.13464 0.17859
vn -0.97607 -0.12842 0.17432
vn -0.98730 -0.08203 0.13586
vn -0.98633 -0.08691 0.14062
vn -0.99365 -0.05182 0.09869
vn -0.99414 -0.04919 0.09454
vn -0.99756 -0.02876 0.06360
vn -0.99756 -0.02753 0.06186
vn -0.99854 -0.01909 0.04990
vn -0.99854 -0.01909 0.04990
vn 0.94385 0.32471 0.06073
vn 0.94434 0.32520 0.05035
vn 0.94434 0.32520 0.05035
vn 0.94385 0.32471 0.06390
vn 0.94092 0.32495 0.09338
vn 0.94043 0.32520 0.09747
vn 0.93359 0.33032 0.13916
vn 0.93213 0.33154 0.14478
vn 0.91943 0.34521 0.18701
vn 0.91748 0.34814 0.19287
vn 0.90137 0.36865 0.22644
vn 0.89941 0.37207 0.23035
vn 0.88379 0.39331 0.25366
vn 0.88184 0.39575 0.25610
vn 0.86816 0.41382 0.27344
vn 0.86719 0.41528 0.27466
vn 0.85547 0.43115 0.28735
vn 0.85498 0.43164 0.28784
vn 0.84277 0.45020 0.29565
vn 0.84277 0.45020 0.29565
vn 0.82764 0.47485 0.29980
vn 0.82812 0.47363 0.29956
vn 0.81104 0.50293 0.29858
vn 0.81250 0.50098 0.29883
vn 0.79785 0.52881 0.29004
vn 0.79639 0.53125 0.28857
vn 0.78613 0.55762 0.26611
vn 0.78711 0.55469 0.26953
vn 0.78271 0.57812 0.23108
vn 0.78271 0.57568 0.23645
vn 0.78711 0.58740 0.18762
vn 0.78613 0.58691 0.19470
vn 0.79834 0.58496 0.14209
vn 0.79639 0.58594 0.14966
vn 0.81006 0.57812 0.09509
vn 0.80859 0.57959 0.10309
vn 0.81543 0.57666 0.05426
vn 0.81543 0.57666 0.04800
vn 0.81152 0.58398 0.01390
vn 0.81250 0.58301 0.01613
vn 0.80762 0.58984 0.00252
vn 0.80762 0.58984 0.00252
vn -0.86084 0.10919 0.49731
vn -0.99854 0.05304 -0.00000
vn -0.99414 0.10919 -0.00000
vn -0.86475 0.05304 0.49902
vn -0.49658 0.10925 0.86133
vn -0.98145 -0.19177 -0.00000
vn -0.49976 0.05310 0.86475
vn 0.00068 0.10931 0.99414
vn -0.84424 -0.19800 0.49829
vn -0.83545 -0.50146 0.22534
vn -0.00057 0.05319 0.99854
vn 0.49756 0.10938 0.86035
vn -0.48218 -0.21851 0.84814
vn -0.74707 -0.51855 0.41553
vn -0.59326 -0.80518 -0.00000
vn -0.51074 -0.80176 0.31006
vn -0.42896 -0.52686 0.73389
vn -0.37769 -0.62500 0.68311
vn 0.49878 0.05328 0.86523
vn 0.86084 0.10944 0.49658
vn 0.00230 -0.22498 0.97412
vn 0.00574 -0.52832 0.84912
vn 0.00579 -0.61377 0.78955
vn 0.86475 0.05334 0.49951
vn 0.99414 0.10944 -0.00000
vn 0.99854 0.05338 -0.00000
vn 0.48584 -0.21704 0.84668
vn 0.43823 -0.52393 0.73047
vn 0.31152 -0.78467 0.53564
vn 0.84570 -0.19580 0.49658
vn 0.98193 -0.18958 -0.00000
vn 0.75244 -0.51367 0.41235
vn 0.52393 -0.79395 0.30762
vn 0.83936 -0.49585 0.22327
vn 0.60498 -0.79639 -0.00000
vn -0.99268 0.12054 -0.00000
vn -0.93457 0.35596 -0.00000
vn -0.80957 0.35596 0.46631
vn -0.85986 0.12067 0.49585
vn -0.46851 0.35645 0.80811
vn -0.98047 -0.19617 -0.00000
vn -0.49707 0.12091 0.85938
vn -0.00183 0.35693 0.93408
vn -0.84863 -0.19604 0.49121
vn -0.00090 0.12128 0.99268
vn 0.46558 0.35742 0.80957
vn -0.75586 -0.48511 0.43945
vn -0.87402 -0.48560 -0.00000
vn -0.48877 -0.19592 0.85010
vn 0.49561 0.12164 0.85986
vn 0.80811 0.35791 0.46753
vn -0.62500 -0.68994 0.36475
vn -0.72314 -0.69043 -0.00000
vn -0.35742 -0.68848 0.63086
vn -0.43384 -0.48413 0.75977
vn 0.00683 -0.68652 0.72705
vn 0.00502 -0.48267 0.87598
vn 0.36963 -0.68457 0.62842
vn 0.00202 -0.19568 0.98047
vn 0.44214 -0.48120 0.75684
vn 0.63428 -0.68311 0.36230
vn 0.49194 -0.19543 0.84863
vn 0.76074 -0.47998 0.43652
vn 0.73096 -0.68262 -0.00000
vn 0.87744 -0.47974 -0.00000
vn 0.85010 -0.19531 0.48950
vn 0.98096 -0.19531 -0.00000
vn 0.99268 0.12201 -0.00000
vn 0.85938 0.12189 0.49658
vn 0.93359 0.35815 -0.00000
vn -0.48755 0.87305 -0.00000
vn -0.34595 0.93848 -0.00000
vn -0.30127 0.93848 0.16821
vn -0.42407 0.87305 0.23975
vn -0.17859 0.93945 0.29248
vn -0.24976 0.87402 0.41724
vn -0.00977 0.94043 0.33936
vn -0.00891 0.87451 0.48486
vn 0.16077 0.94189 0.29541
vn 0.23499 0.87549 0.42236
vn 0.28687 0.94238 0.17114
vn 0.41553 0.87598 0.24500
vn 0.33301 0.94287 -0.00000
vn 0.48193 0.87598 -0.00000
vn -0.51074 -0.80176 0.31006
vn -0.24658 -0.96924 -0.00000
vn -0.59326 -0.80518 -0.00000
vn -0.21191 -0.96875 0.12878
vn -0.16699 -0.93652 0.30859
vn 0.01157 -1.00000 -0.00000
vn -0.11755 -0.96777 0.22290
vn 0.01117 -0.93457 0.35547
vn 0.01116 -0.96631 0.25708
vn 0.31152 -0.78467 0.53564
vn 0.13953 -0.96484 0.22229
vn 0.52393 -0.79395 0.30762
vn 0.23328 -0.96387 0.12817
vn 0.26758 -0.96338 -0.00000
vn 0.60498 -0.79639 -0.00000
vn -0.34595 0.93848 -0.00000
vn -0.01154 1.00000 -0.00000
vn -0.30127 0.93848 0.16821
vn -0.17859 0.93945 0.29248
vn -0.00977 0.94043 0.33936
vn 0.16077 0.94189 0.29541
vn 0.28687 0.94238 0.17114
vn 0.33301 0.94287 -0.00000
vn -0.86084 0.10919 -0.49731
vn -0.99414 0.10919 -0.00000
vn -0.99854 0.05304 -0.00000
vn -0.86475 0.05304 -0.49902
vn -0.49658 0.10925 -0.86133
vn -0.98145 -0.19177 -0.00000
vn -0.49976 0.05310 -0.86475
vn 0.00068 0.10931 -0.99414
vn -0.84424 -0.19800 -0.49829
vn -0.83545 -0.50146 -0.22534
vn -0.00057 0.05319 -0.99854
vn 0.49756 0.10938 -0.86035
vn -0.48218 -0.21851 -0.84814
vn -0.74707 -0.51855 -0.41553
vn -0.59326 -0.80518 -0.00000
vn -0.51074 -0.80176 -0.31006
vn -0.42896 -0.52686 -0.73389
vn -0.37769 -0.62500 -0.68311
vn 0.49878 0.05328 -0.86523
vn 0.86084 0.10944 -0.49658
vn 0.00230 -0.22498 -0.97412
vn 0.00574 -0.52832 -0.84912
vn 0.00579 -0.61377 -0.78955
vn 0.86475 0.05334 -0.49951
vn 0.99414 0.10944 -0.00000
vn 0.99854 0.05338 -0.00000
vn 0.48584 -0.21704 -0.84668
vn 0.43823 -0.52393 -0.73047
vn 0.31152 -0.78467 -0.53564
vn 0.84570 -0.19580 -0.49658
vn 0.98193 -0.18958 -0.00000
vn 0.75244 -0.51367 -0.41235
vn 0.52393 -0.79395 -0.30762
vn 0.83936 -0.49585 -0.22327
vn 0.60498 -0.79639 -0.00000
vn -0.99268 0.12054 -0.00000
vn -0.80957 0.35596 -0.46631
vn -0.93457 0.35596 -0.00000
vn -0.85986 0.12067 -0.49585
vn -0.46851 0.35645 -0.80811
vn -0.98047 -0.19617 -0.00000
vn -0.49707 0.12091 -0.85938
vn -0.00183 0.35693 -0.93408
vn -0.84863 -0.19604 -0.49121
vn -0.00090 0.12128 -0.99268
vn 0.46558 0.35742 -0.80957
vn -0.75586 -0.48511 -0.43945
vn -0.87402 -0.48560 -0.00000
vn -0.48877 -0.19592 -0.85010
vn 0.49561 0.12164 -0.85986
vn 0.80811 0.35791 -0.46753
vn -0.62500 -0.68994 -0.36475
vn -0.72314 -0.69043 -0.00000
vn -0.35742 -0.68848 -0.63086
vn -0.43384 -0.48413 -0.75977
vn 0.00683 -0.68652 -0.72705
vn 0.00502 -0.48267 -0.87598
vn 0.36963 -0.68457 -0.62842
vn 0.00202 -0.19568 -0.98047
vn 0.44214 -0.48120 -0.75684
vn 0.63428 -0.68311 -0.36230
vn 0.49194 -0.19543 -0.84863
vn 0.76074 -0.47998 -0.43652
vn 0.73096 -0.68262 -0.00000
vn 0.87744 -0.47974 -0.00000
vn 0.85010 -0.19531 -0.48950
vn 0.98096 -0.19531 -0.00000
vn 0.99268 0.12201 -0.00000
vn 0.85938 0.12189 -0.49658
vn 0.93359 0.35815 -0.00000
vn -0.48755 0.87305 -0.00000
vn -0.30127 0.93848 -0.16821
vn -0.34595 0.93848 -0.00000
vn -0.42407 0.87305 -0.23975
vn -0.17859 0.93945 -0.29248
vn -0.24976 0.87402 -0.41724
vn -0.00977 0.94043 -0.33936
vn -0.00891 0.87451 -0.48486
vn 0.16077 0.94189 -0.29541
vn 0.23499 0.87549 -0.42236
vn 0.28687 0.94238 -0.17114
vn 0.41553 0.87598 -0.24500
vn 0.33301 0.94287 -0.00000
vn 0.48193 0.87598 -0.00000
vn -0.51074 -0.80176 -0.31006
vn -0.59326 -0.80518 -0.00000
vn -0.24658 -0.96924 -0.00000
vn -0.21191 -0.96875 -0.12878
vn -0.16699 -0.93652 -0.30859
vn 0.01157 -1.00000 -0.00000
vn -0.11755 -0.96777 -0.22290
vn 0.01117 -0.93457 -0.35547
vn 0.01116 -0.96631 -0.25708
vn 0.31152 -0.78467 -0.53564
vn 0.13953 -0.96484 -0.22229
vn 0.52393 -0.79395 -0.30762
vn 0.23328 -0.96387 -0.12817
vn 0.26758 -0.96338 -0.00000
vn 0.60498 -0.79639 -0.00000
vn -0.34595 0.93848 -0.00000
vn -0.30127 0.93848 -0.16821
vn -0.01154 1.00000 -0.00000
vn -0.17859 0.93945 -0.29248
vn -0.00977 0.94043 -0.33936
vn 0.16077 0.94189 -0.29541
vn 0.28687 0.94238 -0.17114
vn 0.33301 0.94287 -0.00000
vn -0.10095 0.99512 0.00000
vn -0.18848 0.98193 -0.00000
vn -0.18921 0.97168 -0.14307
vn -0.10681 0.98291 -0.14856
vn 0.15723 0.98779 0.00000
vn -0.19116 0.93945 -0.28467
vn 0.14233 0.97559 -0.16687
vn 0.42651 0.90430 -0.00000
vn -0.11212 0.95068 -0.28931
vn -0.19250 0.88525 -0.42310
vn 0.40796 0.89746 -0.16846
vn 0.52588 0.85059 -0.00000
vn 0.50684 0.84668 -0.16089
vn -0.11969 0.89404 -0.43164
vn -0.19629 0.83789 -0.50977
vn 0.12268 0.94189 -0.31226
vn 0.37256 0.87500 -0.30933
vn 0.46802 0.83350 -0.29419
vn -0.12793 0.84229 -0.52344
vn -0.20251 0.79004 -0.57861
vn 0.09656 0.88184 -0.46167
vn 0.32837 0.82471 -0.46045
vn 0.41895 0.79297 -0.44238
vn -0.13367 0.79199 -0.59521
vn -0.20813 0.72559 -0.65576
vn 0.07410 0.82324 -0.56250
vn 0.29150 0.76660 -0.57227
vn 0.37720 0.74023 -0.55664
vn -0.13184 0.72461 -0.67676
vn -0.21216 0.62451 -0.75195
vn 0.06812 0.75977 -0.64648
vn 0.28369 0.68750 -0.66846
vn 0.36377 0.66357 -0.65381
vn -0.12146 0.61865 -0.77637
vn -0.21350 0.44482 -0.86963
vn 0.09033 0.66797 -0.73877
vn 0.32104 0.56201 -0.76221
vn 0.39551 0.53467 -0.74658
vn -0.11188 0.43970 -0.89111
vn -0.21375 0.22375 -0.95068
vn 0.13464 0.52881 -0.83789
vn 0.38525 0.38965 -0.83643
vn 0.46045 0.35571 -0.81348
vn -0.11615 0.21777 -0.96924
vn -0.22571 0.04565 -0.97314
vn 0.16223 0.32495 -0.93164
vn 0.41748 0.18896 -0.88867
vn 0.50293 0.16187 -0.84912
vn -0.13477 0.03226 -0.99023
vn -0.25537 -0.11047 -0.96045
vn 0.14319 0.10095 -0.98438
vn 0.38208 -0.00357 -0.92432
vn 0.47388 -0.00868 -0.88037
vn -0.16541 -0.12244 -0.97852
vn -0.29468 -0.27051 -0.91650
vn 0.09674 -0.07642 -0.99219
vn 0.30957 -0.16089 -0.93701
vn 0.39453 -0.15283 -0.90625
vn -0.20410 -0.28223 -0.93750
vn -0.32788 -0.41016 -0.85107
vn 0.05051 -0.22424 -0.97314
vn 0.24719 -0.30298 -0.92041
vn 0.32153 -0.29663 -0.89941
vn -0.23999 -0.43164 -0.86963
vn -0.33936 -0.52881 -0.77783
vn 0.00806 -0.37842 -0.92578
vn 0.20020 -0.44702 -0.87158
vn 0.27075 -0.44067 -0.85596
vn -0.25586 -0.55859 -0.78906
vn -0.32861 -0.64453 -0.69043
vn -0.02917 -0.52637 -0.84961
vn 0.16089 -0.58643 -0.79395
vn 0.22913 -0.57715 -0.78418
vn -0.24597 -0.67480 -0.69580
vn -0.31372 -0.75488 -0.57617
vn -0.04532 -0.65479 -0.75439
vn 0.14246 -0.71191 -0.68799
vn 0.20435 -0.70459 -0.67920
vn -0.22656 -0.78174 -0.58105
vn -0.30908 -0.84473 -0.43701
vn -0.03339 -0.76270 -0.64551
vn 0.15222 -0.80859 -0.56836
vn 0.20886 -0.80664 -0.55273
vn -0.21606 -0.87109 -0.44141
vn -0.31250 -0.90723 -0.28223
vn -0.01025 -0.84961 -0.52734
vn 0.17371 -0.87451 -0.45312
vn 0.45459 -0.83936 -0.29858
vn -0.21606 -0.93359 -0.28540
vn -0.31763 -0.93506 -0.15771
vn 0.00515 -0.91797 -0.39624
vn -0.21924 -0.96338 -0.15552
vn -0.32251 -0.94678 -0.00000
vn -0.22668 -0.97412 -0.00000
vn 0.18933 -0.92236 -0.33667
vn 0.01010 -0.96729 -0.25269
vn 0.01078 -0.99072 -0.13367
vn 0.00348 -1.00000 -0.00000
vn 0.19568 -0.95752 -0.21191
vn 0.19690 -0.97412 -0.10931
vn 0.19385 -0.98096 -0.00000
vn 0.45703 -0.86133 -0.22266
vn 0.44653 -0.88281 -0.14539
vn 0.42871 -0.89990 -0.08130
vn 0.40771 -0.91309 -0.00000
vn 0.57617 -0.81738 -0.00000
vn 0.60303 -0.79590 -0.05588
vn 0.64062 -0.76367 -0.07672
vn 0.65869 -0.74561 -0.10315
vn 0.65918 -0.73975 -0.13660
vn 0.65381 -0.73438 -0.18311
vn 0.65234 -0.73242 -0.19629
vn 0.64990 -0.70264 -0.29053
vn 0.64941 -0.71045 -0.27100
vn 0.65381 -0.65723 -0.37573
vn 0.65527 -0.64307 -0.39575
vn 0.67529 -0.56348 -0.47534
vn 0.66992 -0.58057 -0.46289
vn 0.70947 -0.49072 -0.50586
vn 0.71777 -0.47656 -0.50781
vn 0.77344 -0.39136 -0.49902
vn 0.76660 -0.40088 -0.50146
vn 0.82227 -0.31860 -0.47144
vn 0.82568 -0.31348 -0.46899
vn 0.86865 -0.24609 -0.42993
vn 0.86914 -0.24548 -0.42969
vn 0.90576 -0.18372 -0.38208
vn 0.90381 -0.18652 -0.38452
vn 0.93262 -0.13196 -0.33569
vn 0.93506 -0.12732 -0.33130
vn 0.95703 -0.07214 -0.28101
vn 0.95508 -0.07733 -0.28564
vn 0.97119 -0.02548 -0.23694
vn 0.97266 -0.02022 -0.23169
vn 0.98340 0.02396 -0.17969
vn 0.98242 0.01903 -0.18640
vn 0.99023 0.06082 -0.12622
vn 0.98975 0.05701 -0.13208
vn 0.99170 0.09747 -0.08545
vn 0.99170 0.09454 -0.08771
vn 0.99316 0.11621 -0.00000
vn 0.99316 0.11621 -0.00000
vn -0.97559 0.22034 -0.00000
vn -0.97559 0.22034 -0.00000
vn -0.97266 0.21777 -0.08301
vn -0.97217 0.21741 -0.08551
vn -0.96680 0.22021 -0.12793
vn -0.96826 0.21924 -0.12195
vn -0.95410 0.23853 -0.17981
vn -0.95654 0.23499 -0.17273
vn -0.93604 0.26978 -0.22571
vn -0.93896 0.26465 -0.21985
vn -0.91699 0.30347 -0.25903
vn -0.91943 0.29907 -0.25537
vn -0.89990 0.33032 -0.28418
vn -0.90186 0.32788 -0.28174
vn -0.88281 0.35205 -0.31104
vn -0.88379 0.35107 -0.30957
vn -0.86133 0.37817 -0.33984
vn -0.86084 0.37817 -0.33984
vn -0.83691 0.41064 -0.36206
vn -0.83545 0.41235 -0.36279
vn -0.81299 0.44653 -0.37378
vn -0.81104 0.44946 -0.37402
vn -0.78711 0.49268 -0.37134
vn -0.78418 0.49780 -0.37036
vn -0.75781 0.55176 -0.34814
vn -0.75635 0.55566 -0.34595
vn -0.73682 0.60400 -0.30347
vn -0.73730 0.60205 -0.30591
vn -0.73242 0.63232 -0.25269
vn -0.73291 0.63379 -0.24780
vn -0.74219 0.64062 -0.19568
vn -0.74463 0.64014 -0.18860
vn -0.76318 0.62891 -0.14893
vn -0.76758 0.62500 -0.14282
vn -0.78516 0.60986 -0.10950
vn -0.78809 0.60693 -0.10205
vn -0.79688 0.60107 -0.06329
vn -0.79736 0.60107 -0.05640
vn -0.79346 0.60840 -0.02127
vn -0.79443 0.60693 -0.02377
vn -0.78857 0.61475 -0.00000
vn -0.78857 0.61475 -0.00000
vn -0.10095 0.99512 0.00000
vn -0.18921 0.97168 0.14307
vn -0.18848 0.98193 -0.00000
vn -0.10681 0.98291 0.14856
vn 0.15723 0.98779 0.00000
vn -0.19116 0.93945 0.28467
vn 0.14233 0.97559 0.16687
vn 0.42651 0.90430 -0.00000
vn -0.11212 0.95068 0.28931
vn -0.19250 0.88525 0.42310
vn 0.40796 0.89746 0.16846
vn 0.52588 0.85059 -0.00000
vn 0.50684 0.84668 0.16089
vn -0.11969 0.89404 0.43164
vn -0.19629 0.83789 0.50977
vn 0.12268 0.94189 0.31226
vn 0.37256 0.87500 0.30933
vn 0.46802 0.83350 0.29419
vn -0.12793 0.84229 0.52344
vn -0.20251 0.79004 0.57861
vn 0.09656 0.88184 0.46167
vn 0.32837 0.82471 0.46045
vn 0.41895 0.79297 0.44238
vn -0.13367 0.79199 0.59521
vn -0.20813 0.72559 0.65576
vn 0.07410 0.82324 0.56250
vn 0.29150 0.76660 0.57227
vn 0.37720 0.74023 0.55664
vn -0.13184 0.72461 0.67676
vn -0.21216 0.62451 0.75195
vn 0.06812 0.75977 0.64648
vn 0.28369 0.68750 0.66846
vn 0.36377 0.66357 0.65381
vn -0.12146 0.61865 0.77637
vn -0.21350 0.44482 0.86963
vn 0.09033 0.66797 0.73877
vn 0.32104 0.56201 0.76221
vn 0.39551 0.53467 0.74658
vn -0.11188 0.43970 0.89111
vn -0.21375 0.22375 0.95068
vn 0.13464 0.52881 0.83789
vn 0.38525 0.38965 0.83643
vn 0.46045 0.35571 0.81348
vn -0.11615 0.21777 0.96924
vn -0.22571 0.04565 0.97314
vn 0.16223 0.32495 0.93164
vn 0.41748 0.18896 0.88867
vn 0.50293 0.16187 0.84912
vn -0.13477 0.03226 0.99023
vn -0.25537 -0.11047 0.96045
vn 0.14319 0.10095 0.98438
vn 0.38208 -0.00357 0.92432
vn 0.47388 -0.00868 0.88037
vn -0.16541 -0.12244 0.97852
vn -0.29468 -0.27051 0.91650
vn 0.09674 -0.07642 0.99219
vn 0.30957 -0.16089 0.93701
vn 0.39453 -0.15283 0.90625
vn -0.20410 -0.28223 0.93750
vn -0.32788 -0.41016 0.85107
vn 0.05051 -0.22424 0.97314
vn 0.24719 -0.30298 0.92041
vn 0.32153 -0.29663 0.89941
vn -0.23999 -0.43164 0.86963
vn -0.33936 -0.52881 0.77783
vn 0.00806 -0.37842 0.92578
vn 0.20020 -0.44702 0.87158
vn 0.27075 -0.44067 0.85596
vn -0.25586 -0.55859 0.78906
vn -0.32861 -0.64453 0.69043
vn -0.02917 -0.52637 0.84961
vn 0.16089 -0.58643 0.79395
vn 0.22913 -0.57715 0.78418
vn -0.24597 -0.67480 0.69580
vn -0.31372 -0.75488 0.57617
vn -0.04532 -0.65479 0.75439
vn 0.14246 -0.71191 0.68799
vn 0.20435 -0.70459 0.67920
vn -0.22656 -0.78174 0.58105
vn -0.30908 -0.84473 0.43701
vn -0.03339 -0.76270 0.64551
vn 0.15222 -0.80859 0.56836
vn 0.20886 -0.80664 0.55273
vn -0.21606 -0.87109 0.44141
vn -0.31250 -0.90723 0.28223
vn -0.01025 -0.84961 0.52734
vn 0.17371 -0.87451 0.45312
vn 0.45459 -0.83936 0.29858
vn -0.21606 -0.93359 0.28540
vn -0.31763 -0.93506 0.15771
vn 0.00515 -0.91797 0.39624
vn -0.21924 -0.96338 0.15552
vn -0.32251 -0.94678 -0.00000
vn -0.22668 -0.97412 -0.00000
vn 0.18933 -0.92236 0.33667
vn 0.01010 -0.96729 0.25269
vn 0.01078 -0.99072 0.13367
vn 0.00348 -1.00000 -0.00000
vn 0.19568 -0.95752 0.21191
vn 0.19690 -0.97412 0.10931
vn 0.19385 -0.98096 -0.00000
vn 0.45703 -0.86133 0.22266
vn 0.44653 -0.88281 0.14539
vn 0.42871 -0.89990 0.08130
vn 0.40771 -0.91309 -0.00000
vn 0.57617 -0.81738 -0.00000
vn 0.60303 -0.79590 0.05588
vn 0.64062 -0.76367 0.07672
vn 0.65869 -0.74561 0.10315
vn 0.65918 -0.73975 0.13660
vn 0.65381 -0.73438 0.18311
vn 0.65234 -0.73242 0.19629
vn 0.64990 -0.70264 0.29053
vn 0.64941 -0.71045 0.27100
vn 0.65381 -0.65723 0.37573
vn 0.65527 -0.64307 0.39575
vn 0.67529 -0.56348 0.47534
vn 0.66992 -0.58057 0.46289
vn 0.70947 -0.49072 0.50586
vn 0.71777 -0.47656 0.50781
vn 0.77344 -0.39136 0.49902
vn 0.76660 -0.40088 0.50146
vn 0.82227 -0.31860 0.47144
vn 0.82568 -0.31348 0.46899
vn 0.86914 -0.24548 0.42969
vn 0.86865 -0.24609 0.42993
vn 0.90381 -0.18652 0.38452
vn 0.90576 -0.18372 0.38208
vn 0.93262 -0.13196 0.33569
vn 0.93506 -0.12732 0.33130
vn 0.95703 -0.07214 0.28101
vn 0.95508 -0.07733 0.28564
vn 0.97119 -0.02548 0.23694
vn 0.97266 -0.02022 0.23169
vn 0.98340 0.02396 0.17969
vn 0.98242 0.01903 0.18640
vn 0.98975 0.05701 0.13208
vn 0.99023 0.06082 0.12622
vn 0.99170 0.09454 0.08771
vn 0.99170 0.09747 0.08545
vn 0.99316 0.11621 -0.00000
vn 0.99316 0.11621 -0.00000
vn -0.97266 0.21777 0.08301
vn -0.97559 0.22034 -0.00000
vn -0.97559 0.22034 -0.00000
vn -0.97217 0.21741 0.08551
vn -0.96826 0.21924 0.12195
vn -0.96680 0.22021 0.12793
vn -0.95654 0.23499 0.17273
vn -0.95410 0.23853 0.17981
vn -0.93896 0.26465 0.21985
vn -0.93604 0.26978 0.22571
vn -0.91943 0.29907 0.25537
vn -0.91699 0.30347 0.25903
vn -0.90186 0.32788 0.28174
vn -0.89990 0.33032 0.28418
vn -0.88379 0.35107 0.30957
vn -0.88281 0.35205 0.31104
vn -0.86084 0.37817 0.33984
vn -0.86133 0.37817 0.33984
vn -0.83545 0.41235 0.36279
vn -0.83691 0.41064 0.36206
vn -0.81104 0.44946 0.37402
vn -0.81299 0.44653 0.37378
vn -0.78418 0.49780 0.37036
vn -0.78711 0.49268 0.37134
vn -0.75781 0.55176 0.34814
vn -0.75635 0.55566 0.34595
vn -0.73682 0.60400 0.30347
vn -0.73730 0.60205 0.30591
vn -0.73291 0.63379 0.24780
vn -0.73242 0.63232 0.25269
vn -0.74463 0.64014 0.18860
vn -0.74219 0.64062 0.19568
vn -0.76758 0.62500 0.14282
vn -0.76318 0.62891 0.14893
vn -0.78809 0.60693 0.10205
vn -0.78516 0.60986 0.10950
vn -0.79688 0.60107 0.06329
vn -0.79736 0.60107 0.05640
vn -0.79346 0.60840 0.02127
vn -0.79443 0.60693 0.02377
vn -0.78857 0.61475 -0.00000
vn -0.78857 0.61475 -0.00000
g BlockHammer_sub0
usemtl HammerMaterial
f 1/1/1 3/3/3 2/2/2
f 3/3/3 1/1/1 4/4/4
f 3/3/3 4/4/4 5/5/5
f 3/3/3 5/5/5 6/6/6
f 3/3/3 6/6/6 7/7/7
f 3/3/3 7/7/7 8/8/8
f 3/3/3 8/8/8 9/9/9
f 3/3/3 9/9/9 10/10/10
f 3/3/3 10/10/10 11/11/11
f 3/3/3 11/11/11 12/12/12
f 3/3/3 12/12/12 13/13/13
f 3/3/3 13/13/13 14/14/14
f 3/3/3 14/14/14 15/15/15
f 16/16/16 18/18/18 17/17/17
f 18/18/18 16/16/16 19/19/19
f 19/19/19 16/16/16 20/20/20
f 20/20/20 16/16/16 21/21/21
f 21/21/21 16/16/16 22/22/22
f 22/22/22 16/16/16 23/23/23
f 23/23/23 16/16/16 24/24/24
f 24/24/24 16/16/16 25/25/25
f 25/25/25 16/16/16 26/26/26
f 26/26/26 16/16/16 27/27/27
f 27/27/27 16/16/16 28/28/28
f 28/28/28 16/16/16 29/29/29
f 29/29/29 16/16/16 30/30/30
f 31/31/31 33/33/33 32/32/32
f 31/31/31 32/32/32 34/34/34
f 34/34/34 32/32/32 35/35/35
f 36/36/36 31/31/31 34/34/34
f 34/34/34 35/35/35 37/37/37
f 37/37/37 35/35/35 38/38/38
f 36/36/36 34/34/34 39/39/39
f 39/39/39 34/34/34 37/37/37
f 37/37/37 38/38/38 40/40/40
f 40/40/40 38/38/38 41/41/41
f 36/36/36 39/39/39 42/42/42
f 36/36/36 42/42/42 43/43/43
f 44/44/44 43/43/43 42/42/42
f 39/39/39 37/37/37 45/45/45
f 45/45/45 37/37/37 40/40/40
f 40/40/40 41/41/41 46/46/46
f 46/46/46 41/41/41 47/47/47
f 44/44/44 42/42/42 48/48/48
f 49/49/49 44/44/44 48/48/48
f 49/49/49 48/48/48 50/50/50
f 39/39/39 51/51/51 42/42/42
f 48/48/48 42/42/42 51/51/51
f 39/39/39 45/45/45 51/51/51
f 50/50/50 48/48/48 52/52/52
f 48/48/48 51/51/51 52/52/52
f 50/50/50 52/52/52 53/53/53
f 45/45/45 40/40/40 54/54/54
f 54/54/54 40/40/40 46/46/46
f 45/45/45 55/55/55 51/51/51
f 52/52/52 51/51/51 55/55/55
f 45/45/45 54/54/54 55/55/55
f 53/53/53 52/52/52 56/56/56
f 52/52/52 55/55/55 56/56/56
f 53/53/53 56/56/56 57/57/57
f 54/54/54 58/58/58 55/55/55
f 56/56/56 55/55/55 58/58/58
f 57/57/57 56/56/56 59/59/59
f 56/56/56 58/58/58 59/59/59
f 57/57/57 59/59/59 60/60/60
f 54/54/54 46/46/46 61/61/61
f 54/54/54 61/61/61 58/58/58
f 60/60/60 59/59/59 62/62/62
f 60/60/60 62/62/62 63/63/63
f 59/59/59 58/58/58 64/64/64
f 61/61/61 64/64/64 58/58/58
f 59/59/59 64/64/64 62/62/62
f 61/61/61 46/46/46 65/65/65
f 46/46/46 47/47/47 65/65/65
f 65/65/65 47/47/47 66/66/66
f 63/63/63 62/62/62 67/67/67
f 63/63/63 67/67/67 68/68/68
f 61/61/61 69/69/69 64/64/64
f 61/61/61 65/65/65 69/69/69
f 65/65/65 66/66/66 70/70/70
f 69/69/69 65/65/65 70/70/70
f 70/70/70 66/66/66 71/71/71
f 62/62/62 64/64/64 72/72/72
f 69/69/69 72/72/72 64/64/64
f 62/62/62 72/72/72 67/67/67
f 68/68/68 67/67/67 73/73/73
f 68/68/68 73/73/73 74/74/74
f 70/70/70 71/71/71 75/75/75
f 75/75/75 71/71/71 76/76/76
f 69/69/69 70/70/70 77/77/77
f 69/69/69 77/77/77 72/72/72
f 77/77/77 70/70/70 75/75/75
f 67/67/67 72/72/72 78/78/78
f 77/77/77 78/78/78 72/72/72
f 67/67/67 78/78/78 73/73/73
f 74/74/74 73/73/73 79/79/79
f 74/74/74 79/79/79 80/80/80
f 75/75/75 76/76/76 81/81/81
f 81/81/81 76/76/76 82/82/82
f 77/77/77 75/75/75 83/83/83
f 77/77/77 83/83/83 78/78/78
f 83/83/83 75/75/75 81/81/81
f 73/73/73 78/78/78 84/84/84
f 83/83/83 84/84/84 78/78/78
f 73/73/73 84/84/84 79/79/79
f 80/80/80 79/79/79 85/85/85
f 80/80/80 85/85/85 86/86/86
f 81/81/81 82/82/82 87/87/87
f 87/87/87 82/82/82 88/88/88
f 83/83/83 81/81/81 89/89/89
f 83/83/83 89/89/89 84/84/84
f 89/89/89 81/81/81 87/87/87
f 79/79/79 84/84/84 90/90/90
f 89/89/89 90/90/90 84/84/84
f 79/79/79 90/90/90 85/85/85
f 86/86/86 85/85/85 91/91/91
f 86/86/86 91/91/91 92/92/92
f 87/87/87 88/88/88 93/93/93
f 93/93/93 88/88/88 94/94/94
f 89/89/89 87/87/87 95/95/95
f 89/89/89 95/95/95 90/90/90
f 95/95/95 87/87/87 93/93/93
f 85/85/85 90/90/90 96/96/96
f 95/95/95 96/96/96 90/90/90
f 85/85/85 96/96/96 91/91/91
f 92/92/92 91/91/91 97/97/97
f 92/92/92 97/97/97 98/98/98
f 93/93/93 94/94/94 99/99/99
f 99/99/99 94/94/94 100/100/100
f 95/95/95 93/93/93 101/101/101
f 95/95/95 101/101/101 96/96/96
f 101/101/101 93/93/93 99/99/99
f 91/91/91 96/96/96 102/102/102
f 101/101/101 102/102/102 96/96/96
f 91/91/91 102/102/102 97/97/97
f 98/98/98 97/97/97 103/103/103
f 98/98/98 103/103/103 104/104/104
f 99/99/99 100/100/100 105/105/105
f 105/105/105 100/100/100 106/106/106
f 101/101/101 99/99/99 107/107/107
f 101/101/101 107/107/107 102/102/102
f 107/107/107 99/99/99 105/105/105
f 97/97/97 102/102/102 108/108/108
f 107/107/107 108/108/108 102/102/102
f 97/97/97 108/108/108 103/103/103
f 104/104/104 103/103/103 109/109/109
f 104/104/104 109/109/109 110/110/110
f 105/105/105 106/106/106 111/111/111
f 111/111/111 106/106/106 112/112/112
f 111/111/111 112/112/112 113/113/113
f 107/107/107 105/105/105 114/114/114
f 107/107/107 114/114/114 108/108/108
f 114/114/114 105/105/105 111/111/111
f 103/103/103 108/108/108 115/115/115
f 114/114/114 115/115/115 108/108/108
f 103/103/103 115/115/115 109/109/109
f 116/116/116 111/111/111 113/113/113
f 114/114/114 111/111/111 116/116/116
f 114/114/114 116/116/116 115/115/115
f 116/116/116 113/113/113 117/117/117
f 116/116/116 117/117/117 118/118/118
f 116/116/116 118/118/118 115/115/115
f 109/109/109 115/115/115 118/118/118
f 109/109/109 118/118/118 119/119/119
f 110/110/110 109/109/109 119/119/119
f 110/110/110 119/119/119 120/120/120
f 121/121/121 123/123/123 122/122/122
f 123/123/123 121/121/121 124/124/124
f 124/124/124 121/121/121 125/125/125
f 125/125/125 121/121/121 126/126/126
f 126/126/126 121/121/121 127/127/127
f 127/127/127 121/121/121 128/128/128
f 128/128/128 121/121/121 129/129/129
f 129/129/129 121/121/121 130/130/130
f 130/130/130 121/121/121 131/131/131
f 131/131/131 121/121/121 132/132/132
f 132/132/132 121/121/121 133/133/133
f 133/133/133 121/121/121 134/134/134
f 134/134/134 121/121/121 135/135/135
f 136/136/136 138/138/138 137/137/137
f 138/138/138 136/136/136 139/139/139
f 138/138/138 139/139/139 140/140/140
f 138/138/138 140/140/140 141/141/141
f 138/138/138 141/141/141 142/142/142
f 138/138/138 142/142/142 143/143/143
f 138/138/138 143/143/143 144/144/144
f 138/138/138 144/144/144 145/145/145
f 138/138/138 145/145/145 146/146/146
f 138/138/138 146/146/146 147/147/147
f 138/138/138 147/147/147 148/148/148
f 138/138/138 148/148/148 149/149/149
f 138/138/138 149/149/149 150/150/150
f 151/151/151 153/153/153 152/152/152
f 151/151/151 154/154/154 153/153/153
f 154/154/154 155/155/155 153/153/153
f 156/156/156 154/154/154 151/151/151
f 154/154/154 157/157/157 155/155/155
f 157/157/157 158/158/158 155/155/155
f 156/156/156 159/159/159 154/154/154
f 159/159/159 157/157/157 154/154/154
f 157/157/157 160/160/160 158/158/158
f 160/160/160 161/161/161 158/158/158
f 156/156/156 162/162/162 159/159/159
f 156/156/156 163/163/163 162/162/162
f 164/164/164 162/162/162 163/163/163
f 159/159/159 165/165/165 157/157/157
f 165/165/165 160/160/160 157/157/157
f 160/160/160 166/166/166 161/161/161
f 166/166/166 167/167/167 161/161/161
f 164/164/164 168/168/168 162/162/162
f 169/169/169 168/168/168 164/164/164
f 169/169/169 170/170/170 168/168/168
f 159/159/159 162/162/162 171/171/171
f 168/168/168 171/171/171 162/162/162
f 159/159/159 171/171/171 165/165/165
f 170/170/170 172/172/172 168/168/168
f 168/168/168 172/172/172 171/171/171
f 170/170/170 173/173/173 172/172/172
f 165/165/165 174/174/174 160/160/160
f 174/174/174 166/166/166 160/160/160
f 165/165/165 171/171/171 175/175/175
f 172/172/172 175/175/175 171/171/171
f 165/165/165 175/175/175 174/174/174
f 173/173/173 176/176/176 172/172/172
f 172/172/172 176/176/176 175/175/175
f 173/173/173 177/177/177 176/176/176
f 174/174/174 175/175/175 178/178/178
f 176/176/176 178/178/178 175/175/175
f 177/177/177 179/179/179 176/176/176
f 176/176/176 179/179/179 178/178/178
f 177/177/177 180/180/180 179/179/179
f 174/174/174 181/181/181 166/166/166
f 174/174/174 178/178/178 181/181/181
f 179/179/179 182/182/182 178/178/178
f 181/181/181 178/178/178 182/182/182
f 180/180/180 183/183/183 179/179/179
f 179/179/179 183/183/183 182/182/182
f 180/180/180 184/184/184 183/183/183
f 181/181/181 185/185/185 166/166/166
f 166/166/166 185/185/185 167/167/167
f 185/185/185 186/186/186 167/167/167
f 181/181/181 182/182/182 187/187/187
f 181/181/181 187/187/187 185/185/185
f 185/185/185 188/188/188 186/186/186
f 187/187/187 188/188/188 185/185/185
f 188/188/188 189/189/189 186/186/186
f 183/183/183 190/190/190 182/182/182
f 187/187/187 182/182/182 190/190/190
f 184/184/184 191/191/191 183/183/183
f 183/183/183 191/191/191 190/190/190
f 184/184/184 192/192/192 191/191/191
f 188/188/188 193/193/193 189/189/189
f 193/193/193 194/194/194 189/189/189
f 187/187/187 195/195/195 188/188/188
f 187/187/187 190/190/190 195/195/195
f 195/195/195 193/193/193 188/188/188
f 191/191/191 196/196/196 190/190/190
f 195/195/195 190/190/190 196/196/196
f 192/192/192 197/197/197 191/191/191
f 191/191/191 197/197/197 196/196/196
f 192/192/192 198/198/198 197/197/197
f 193/193/193 199/199/199 194/194/194
f 199/199/199 200/200/200 194/194/194
f 195/195/195 201/201/201 193/193/193
f 195/195/195 196/196/196 201/201/201
f 201/201/201 199/199/199 193/193/193
f 197/197/197 202/202/202 196/196/196
f 201/201/201 196/196/196 202/202/202
f 198/198/198 203/203/203 197/197/197
f 197/197/197 203/203/203 202/202/202
f 198/198/198 204/204/204 203/203/203
f 199/199/199 205/205/205 200/200/200
f 205/205/205 206/206/206 200/200/200
f 201/201/201 207/207/207 199/199/199
f 201/201/201 202/202/202 207/207/207
f 207/207/207 205/205/205 199/199/199
f 203/203/203 208/208/208 202/202/202
f 207/207/207 202/202/202 208/208/208
f 204/204/204 209/209/209 203/203/203
f 203/203/203 209/209/209 208/208/208
f 204/204/204 210/210/210 209/209/209
f 205/205/205 211/211/211 206/206/206
f 211/211/211 212/212/212 206/206/206
f 207/207/207 213/213/213 205/205/205
f 207/207/207 208/208/208 213/213/213
f 213/213/213 211/211/211 205/205/205
f 209/209/209 214/214/214 208/208/208
f 213/213/213 208/208/208 214/214/214
f 210/210/210 215/215/215 209/209/209
f 209/209/209 215/215/215 214/214/214
f 210/210/210 216/216/216 215/215/215
f 211/211/211 217/217/217 212/212/212
f 217/217/217 218/218/218 212/212/212
f 213/213/213 219/219/219 211/211/211
f 213/213/213 214/214/214 219/219/219
f 219/219/219 217/217/217 211/211/211
f 215/215/215 220/220/220 214/214/214
f 219/219/219 214/214/214 220/220/220
f 216/216/216 221/221/221 215/215/215
f 215/215/215 221/221/221 220/220/220
f 216/216/216 222/222/222 221/221/221
f 217/217/217 223/223/223 218/218/218
f 223/223/223 224/224/224 218/218/218
f 219/219/219 225/225/225 217/217/217
f 219/219/219 220/220/220 225/225/225
f 225/225/225 223/223/223 217/217/217
f 221/221/221 226/226/226 220/220/220
f 225/225/225 220/220/220 226/226/226
f 222/222/222 227/227/227 221/221/221
f 221/221/221 227/227/227 226/226/226
f 222/222/222 228/228/228 227/227/227
f 223/223/223 229/229/229 224/224/224
f 229/229/229 230/230/230 224/224/224
f 229/229/229 231/231/231 230/230/230
f 225/225/225 232/232/232 223/223/223
f 225/225/225 226/226/226 232/232/232
f 232/232/232 229/229/229 223/223/223
f 233/233/233 231/231/231 229/229/229
f 232/232/232 233/233/233 229/229/229
f 233/233/233 234/234/234 231/231/231
f 233/233/233 235/235/235 234/234/234
f 232/232/232 226/226/226 236/236/236
f 232/232/232 236/236/236 233/233/233
f 227/227/227 236/236/236 226/226/226
f 233/233/233 236/236/236 235/235/235
f 228/228/228 237/237/237 227/227/227
f 227/227/227 237/237/237 236/236/236
f 237/237/237 235/235/235 236/236/236
f 228/228/228 238/238/238 237/237/237
f 237/237/237 239/239/239 235/235/235
f 238/238/238 239/239/239 237/237/237
f 238/238/238 240/240/240 239/239/239
f 241/241/241 243/243/243 242/242/242
f 241/241/241 242/242/242 244/244/244
f 245/245/245 241/241/241 244/244/244
f 244/244/244 242/242/242 246/246/246
f 245/245/245 244/244/244 247/247/247
f 248/248/248 245/245/245 247/247/247
f 244/244/244 246/246/246 249/249/249
f 247/247/247 244/244/244 249/249/249
f 249/249/249 246/246/246 250/250/250
f 248/248/248 247/247/247 251/251/251
f 252/252/252 248/248/248 251/251/251
f 252/252/252 251/251/251 253/253/253
f 249/249/249 250/250/250 254/254/254
f 254/254/254 250/250/250 255/255/255
f 247/247/247 249/249/249 256/256/256
f 251/251/251 247/247/247 256/256/256
f 256/256/256 249/249/249 254/254/254
f 253/253/253 251/251/251 257/257/257
f 251/251/251 256/256/256 257/257/257
f 253/253/253 257/257/257 258/258/258
f 254/254/254 255/255/255 259/259/259
f 259/259/259 255/255/255 260/260/260
f 256/256/256 254/254/254 261/261/261
f 257/257/257 256/256/256 261/261/261
f 261/261/261 254/254/254 259/259/259
f 258/258/258 257/257/257 262/262/262
f 257/257/257 261/261/261 262/262/262
f 258/258/258 262/262/262 263/263/263
f 259/259/259 260/260/260 264/264/264
f 264/264/264 260/260/260 265/265/265
f 261/261/261 259/259/259 266/266/266
f 262/262/262 261/261/261 266/266/266
f 266/266/266 259/259/259 264/264/264
f 263/263/263 262/262/262 267/267/267
f 262/262/262 266/266/266 267/267/267
f 263/263/263 267/267/267 268/268/268
f 264/264/264 265/265/265 269/269/269
f 269/269/269 265/265/265 270/270/270
f 266/266/266 264/264/264 271/271/271
f 267/267/267 266/266/266 271/271/271
f 271/271/271 264/264/264 269/269/269
f 268/268/268 267/267/267 272/272/272
f 267/267/267 271/271/271 272/272/272
f 268/268/268 272/272/272 273/273/273
f 269/269/269 270/270/270 274/274/274
f 274/274/274 270/270/270 275/275/275
f 271/271/271 269/269/269 276/276/276
f 272/272/272 271/271/271 276/276/276
f 276/276/276 269/269/269 274/274/274
f 273/273/273 272/272/272 277/277/277
f 272/272/272 276/276/276 277/277/277
f 273/273/273 277/277/277 278/278/278
f 274/274/274 275/275/275 279/279/279
f 279/279/279 275/275/275 280/280/280
f 276/276/276 274/274/274 281/281/281
f 277/277/277 276/276/276 281/281/281
f 281/281/281 274/274/274 279/279/279
f 278/278/278 277/277/277 282/282/282
f 277/277/277 281/281/281 282/282/282
f 278/278/278 282/282/282 283/283/283
f 279/279/279 280/280/280 284/284/284
f 284/284/284 280/280/280 285/285/285
f 281/281/281 279/279/279 286/286/286
f 282/282/282 281/281/281 286/286/286
f 286/286/286 279/279/279 284/284/284
f 283/283/283 282/282/282 287/287/287
f 282/282/282 286/286/286 287/287/287
f 283/283/283 287/287/287 288/288/288
f 284/284/284 285/285/285 289/289/289
f 289/289/289 285/285/285 290/290/290
f 286/286/286 284/284/284 291/291/291
f 287/287/287 286/286/286 291/291/291
f 291/291/291 284/284/284 289/289/289
f 288/288/288 287/287/287 292/292/292
f 287/287/287 291/291/291 292/292/292
f 288/288/288 292/292/292 293/293/293
f 289/289/289 290/290/290 294/294/294
f 294/294/294 290/290/290 295/295/295
f 291/291/291 289/289/289 296/296/296
f 292/292/292 291/291/291 296/296/296
f 296/296/296 289/289/289 294/294/294
f 293/293/293 292/292/292 297/297/297
f 292/292/292 296/296/296 297/297/297
f 293/293/293 297/297/297 298/298/298
f 294/294/294 295/295/295 299/299/299
f 299/299/299 295/295/295 300/300/300
f 296/296/296 294/294/294 301/301/301
f 297/297/297 296/296/296 301/301/301
f 301/301/301 294/294/294 299/299/299
f 298/298/298 297/297/297 302/302/302
f 297/297/297 301/301/301 302/302/302
f 298/298/298 302/302/302 303/303/303
f 299/299/299 300/300/300 304/304/304
f 304/304/304 300/300/300 305/305/305
f 301/301/301 299/299/299 306/306/306
f 302/302/302 301/301/301 306/306/306
f 306/306/306 299/299/299 304/304/304
f 303/303/303 302/302/302 307/307/307
f 302/302/302 306/306/306 307/307/307
f 303/303/303 307/307/307 308/308/308
f 304/304/304 305/305/305 309/309/309
f 309/309/309 305/305/305 310/310/310
f 306/306/306 304/304/304 311/311/311
f 307/307/307 306/306/306 311/311/311
f 311/311/311 304/304/304 309/309/309
f 308/308/308 307/307/307 312/312/312
f 307/307/307 311/311/311 312/312/312
f 308/308/308 312/312/312 313/313/313
f 309/309/309 310/310/310 314/314/314
f 314/314/314 310/310/310 315/315/315
f 311/311/311 309/309/309 316/316/316
f 312/312/312 311/311/311 316/316/316
f 316/316/316 309/309/309 314/314/314
f 313/313/313 312/312/312 317/317/317
f 312/312/312 316/316/316 317/317/317
f 313/313/313 317/317/317 318/318/318
f 314/314/314 315/315/315 319/319/319
f 319/319/319 315/315/315 320/320/320
f 316/316/316 314/314/314 321/321/321
f 317/317/317 316/316/316 321/321/321
f 321/321/321 314/314/314 319/319/319
f 318/318/318 317/317/317 322/322/322
f 317/317/317 321/321/321 322/322/322
f 318/318/318 322/322/322 323/323/323
f 319/319/319 320/320/320 324/324/324
f 324/324/324 320/320/320 325/325/325
f 321/321/321 319/319/319 326/326/326
f 322/322/322 321/321/321 326/326/326
f 326/326/326 319/319/319 324/324/324
f 323/323/323 322/322/322 327/327/327
f 322/322/322 326/326/326 327/327/327
f 323/323/323 327/327/327 328/328/328
f 324/324/324 325/325/325 329/329/329
f 329/329/329 325/325/325 330/330/330
f 326/326/326 324/324/324 331/331/331
f 327/327/327 326/326/326 331/331/331
f 331/331/331 324/324/324 329/329/329
f 328/328/328 327/327/327 332/332/332
f 327/327/327 331/331/331 332/332/332
f 328/328/328 332/332/332 333/333/333
f 329/329/329 330/330/330 334/334/334
f 334/334/334 330/330/330 335/335/335
f 334/334/334 335/335/335 336/336/336
f 331/331/331 329/329/329 337/337/337
f 332/332/332 331/331/331 337/337/337
f 337/337/337 329/329/329 334/334/334
f 333/333/333 332/332/332 338/338/338
f 332/332/332 337/337/337 338/338/338
f 333/333/333 338/338/338 339/339/339
f 340/340/340 334/334/334 336/336/336
f 337/337/337 334/334/334 340/340/340
f 338/338/338 337/337/337 340/340/340
f 340/340/340 336/336/336 341/341/341
f 339/339/339 338/338/338 342/342/342
f 338/338/338 340/340/340 342/342/342
f 342/342/342 340/340/340 341/341/341
f 342/342/342 341/341/341 343/343/343
f 339/339/339 342/342/342 344/344/344
f 344/344/344 342/342/342 343/343/343
f 344/344/344 343/343/343 345/345/345
f 346/346/346 344/344/344 345/345/345
f 346/346/346 347/347/347 344/344/344
f 344/344/344 347/347/347 348/348/348
f 344/344/344 348/348/348 349/349/349
f 348/348/348 350/350/350 349/349/349
f 348/348/348 351/351/351 350/350/350
f 350/350/350 351/351/351 352/352/352
f 350/350/350 352/352/352 353/353/353
f 352/352/352 354/354/354 353/353/353
f 352/352/352 355/355/355 354/354/354
f 354/354/354 355/355/355 356/356/356
f 354/354/354 356/356/356 357/357/357
f 356/356/356 358/358/358 357/357/357
f 356/356/356 359/359/359 358/358/358
f 358/358/358 359/359/359 360/360/360
f 358/358/358 360/360/360 361/361/361
f 360/360/360 362/362/362 361/361/361
f 360/360/360 363/363/363 362/362/362
f 362/362/362 363/363/363 364/364/364
f 362/362/362 364/364/364 365/365/365
f 364/364/364 366/366/366 365/365/365
f 364/364/364 367/367/367 366/366/366
f 366/366/366 367/367/367 368/368/368
f 366/366/366 368/368/368 369/369/369
f 369/369/369 368/368/368 370/370/370
f 369/369/369 370/370/370 371/371/371
f 371/371/371 370/370/370 372/372/372
f 371/371/371 372/372/372 373/373/373
f 372/372/372 374/374/374 373/373/373
f 372/372/372 375/375/375 374/374/374
f 374/374/374 375/375/375 376/376/376
f 374/374/374 376/376/376 377/377/377
f 376/376/376 378/378/378 377/377/377
f 376/376/376 379/379/379 378/378/378
f 378/378/378 379/379/379 380/380/380
f 378/378/378 380/380/380 381/381/381
f 381/381/381 380/380/380 382/382/382
f 381/381/381 382/382/382 383/383/383
f 383/383/383 382/382/382 384/384/384
f 383/383/383 384/384/384 385/385/385
f 386/386/386 388/388/388 387/387/387
f 386/386/386 389/389/389 388/388/388
f 390/390/390 389/389/389 386/386/386
f 390/390/390 391/391/391 389/389/389
f 392/392/392 391/391/391 390/390/390
f 392/392/392 393/393/393 391/391/391
f 394/394/394 393/393/393 392/392/392
f 394/394/394 395/395/395 393/393/393
f 396/396/396 395/395/395 394/394/394
f 396/396/396 397/397/397 395/395/395
f 398/398/398 397/397/397 396/396/396
f 398/398/398 399/399/399 397/397/397
f 400/400/400 399/399/399 398/398/398
f 400/400/400 401/401/401 399/399/399
f 402/402/402 401/401/401 400/400/400
f 402/402/402 403/403/403 401/401/401
f 404/404/404 403/403/403 402/402/402
f 404/404/404 405/405/405 403/403/403
f 406/406/406 405/405/405 404/404/404
f 406/406/406 407/407/407 405/405/405
f 408/408/408 407/407/407 406/406/406
f 408/408/408 409/409/409 407/407/407
f 410/410/410 409/409/409 408/408/408
f 410/410/410 408/408/408 411/411/411
f 412/412/412 410/410/410 411/411/411
f 412/412/412 413/413/413 410/410/410
f 414/414/414 413/413/413 412/412/412
f 414/414/414 415/415/415 413/413/413
f 416/416/416 415/415/415 414/414/414
f 416/416/416 417/417/417 415/415/415
f 418/418/418 417/417/417 416/416/416
f 418/418/418 419/419/419 417/417/417
f 420/420/420 419/419/419 418/418/418
f 420/420/420 421/421/421 419/419/419
f 422/422/422 421/421/421 420/420/420
f 422/422/422 420/420/420 423/423/423
f 424/424/424 422/422/422 423/423/423
f 424/424/424 425/425/425 422/422/422
f 426/426/426 425/425/425 424/424/424
f 426/426/426 427/427/427 425/425/425
f 428/428/428 430/430/430 429/429/429
f 428/428/428 431/431/431 430/430/430
f 432/432/432 431/431/431 428/428/428
f 431/431/431 433/433/433 430/430/430
f 432/432/432 434/434/434 431/431/431
f 435/435/435 434/434/434 432/432/432
f 431/431/431 436/436/436 433/433/433
f 434/434/434 436/436/436 431/431/431
f 436/436/436 437/437/437 433/433/433
f 435/435/435 438/438/438 434/434/434
f 439/439/439 438/438/438 435/435/435
f 439/439/439 440/440/440 438/438/438
f 436/436/436 441/441/441 437/437/437
f 441/441/441 442/442/442 437/437/437
f 434/434/434 443/443/443 436/436/436
f 438/438/438 443/443/443 434/434/434
f 443/443/443 441/441/441 436/436/436
f 440/440/440 444/444/444 438/438/438
f 438/438/438 444/444/444 443/443/443
f 440/440/440 445/445/445 444/444/444
f 441/441/441 446/446/446 442/442/442
f 446/446/446 447/447/447 442/442/442
f 443/443/443 448/448/448 441/441/441
f 444/444/444 448/448/448 443/443/443
f 448/448/448 446/446/446 441/441/441
f 445/445/445 449/449/449 444/444/444
f 444/444/444 449/449/449 448/448/448
f 445/445/445 450/450/450 449/449/449
f 446/446/446 451/451/451 447/447/447
f 451/451/451 452/452/452 447/447/447
f 448/448/448 453/453/453 446/446/446
f 449/449/449 453/453/453 448/448/448
f 453/453/453 451/451/451 446/446/446
f 450/450/450 454/454/454 449/449/449
f 449/449/449 454/454/454 453/453/453
f 450/450/450 455/455/455 454/454/454
f 451/451/451 456/456/456 452/452/452
f 456/456/456 457/457/457 452/452/452
f 453/453/453 458/458/458 451/451/451
f 454/454/454 458/458/458 453/453/453
f 458/458/458 456/456/456 451/451/451
f 455/455/455 459/459/459 454/454/454
f 454/454/454 459/459/459 458/458/458
f 455/455/455 460/460/460 459/459/459
f 456/456/456 461/461/461 457/457/457
f 461/461/461 462/462/462 457/457/457
f 458/458/458 463/463/463 456/456/456
f 459/459/459 463/463/463 458/458/458
f 463/463/463 461/461/461 456/456/456
f 460/460/460 464/464/464 459/459/459
f 459/459/459 464/464/464 463/463/463
f 460/460/460 465/465/465 464/464/464
f 461/461/461 466/466/466 462/462/462
f 466/466/466 467/467/467 462/462/462
f 463/463/463 468/468/468 461/461/461
f 464/464/464 468/468/468 463/463/463
f 468/468/468 466/466/466 461/461/461
f 465/465/465 469/469/469 464/464/464
f 464/464/464 469/469/469 468/468/468
f 465/465/465 470/470/470 469/469/469
f 466/466/466 471/471/471 467/467/467
f 471/471/471 472/472/472 467/467/467
f 468/468/468 473/473/473 466/466/466
f 469/469/469 473/473/473 468/468/468
f 473/473/473 471/471/471 466/466/466
f 470/470/470 474/474/474 469/469/469
f 469/469/469 474/474/474 473/473/473
f 470/470/470 475/475/475 474/474/474
f 471/471/471 476/476/476 472/472/472
f 476/476/476 477/477/477 472/472/472
f 473/473/473 478/478/478 471/471/471
f 474/474/474 478/478/478 473/473/473
f 478/478/478 476/476/476 471/471/471
f 475/475/475 479/479/479 474/474/474
f 474/474/474 479/479/479 478/478/478
f 475/475/475 480/480/480 479/479/479
f 476/476/476 481/481/481 477/477/477
f 481/481/481 482/482/482 477/477/477
f 478/478/478 483/483/483 476/476/476
f 479/479/479 483/483/483 478/478/478
f 483/483/483 481/481/481 476/476/476
f 480/480/480 484/484/484 479/479/479
f 479/479/479 484/484/484 483/483/483
f 480/480/480 485/485/485 484/484/484
f 481/481/481 486/486/486 482/482/482
f 486/486/486 487/487/487 482/482/482
f 483/483/483 488/488/488 481/481/481
f 484/484/484 488/488/488 483/483/483
f 488/488/488 486/486/486 481/481/481
f 485/485/485 489/489/489 484/484/484
f 484/484/484 489/489/489 488/488/488
f 485/485/485 490/490/490 489/489/489
f 486/486/486 491/491/491 487/487/487
f 491/491/491 492/492/492 487/487/487
f 488/488/488 493/493/493 486/486/486
f 489/489/489 493/493/493 488/488/488
f 493/493/493 491/491/491 486/486/486
f 490/490/490 494/494/494 489/489/489
f 489/489/489 494/494/494 493/493/493
f 490/490/490 495/495/495 494/494/494
f 491/491/491 496/496/496 492/492/492
f 496/496/496 497/497/497 492/492/492
f 493/493/493 498/498/498 491/491/491
f 494/494/494 498/498/498 493/493/493
f 498/498/498 496/496/496 491/491/491
f 495/495/495 499/499/499 494/494/494
f 494/494/494 499/499/499 498/498/498
f 495/495/495 500/500/500 499/499/499
f 496/496/496 501/501/501 497/497/497
f 501/501/501 502/502/502 497/497/497
f 498/498/498 503/503/503 496/496/496
f 499/499/499 503/503/503 498/498/498
f 503/503/503 501/501/501 496/496/496
f 500/500/500 504/504/504 499/499/499
f 499/499/499 504/504/504 503/503/503
f 500/500/500 505/505/505 504/504/504
f 501/501/501 506/506/506 502/502/502
f 506/506/506 507/507/507 502/502/502
f 503/503/503 508/508/508 501/501/501
f 504/504/504 508/508/508 503/503/503
f 508/508/508 506/506/506 501/501/501
f 505/505/505 509/509/509 504/504/504
f 504/504/504 509/509/509 508/508/508
f 505/505/505 510/510/510 509/509/509
f 506/506/506 511/511/511 507/507/507
f 511/511/511 512/512/512 507/507/507
f 508/508/508 513/513/513 506/506/506
f 509/509/509 513/513/513 508/508/508
f 513/513/513 511/511/511 506/506/506
f 510/510/510 514/514/514 509/509/509
f 509/509/509 514/514/514 513/513/513
f 510/510/510 515/515/515 514/514/514
f 511/511/511 516/516/516 512/512/512
f 516/516/516 517/517/517 512/512/512
f 513/513/513 518/518/518 511/511/511
f 514/514/514 518/518/518 513/513/513
f 518/518/518 516/516/516 511/511/511
f 515/515/515 519/519/519 514/514/514
f 514/514/514 519/519/519 518/518/518
f 515/515/515 520/520/520 519/519/519
f 516/516/516 521/521/521 517/517/517
f 521/521/521 522/522/522 517/517/517
f 521/521/521 523/523/523 522/522/522
f 518/518/518 524/524/524 516/516/516
f 519/519/519 524/524/524 518/518/518
f 524/524/524 521/521/521 516/516/516
f 520/520/520 525/525/525 519/519/519
f 519/519/519 525/525/525 524/524/524
f 520/520/520 526/526/526 525/525/525
f 527/527/527 523/523/523 521/521/521
f 524/524/524 527/527/527 521/521/521
f 525/525/525 527/527/527 524/524/524
f 527/527/527 528/528/528 523/523/523
f 526/526/526 529/529/529 525/525/525
f 525/525/525 529/529/529 527/527/527
f 529/529/529 528/528/528 527/527/527
f 529/529/529 530/530/530 528/528/528
f 526/526/526 531/531/531 529/529/529
f 531/531/531 530/530/530 529/529/529
f 531/531/531 532/532/532 530/530/530
f 533/533/533 532/532/532 531/531/531
f 533/533/533 531/531/531 534/534/534
f 531/531/531 535/535/535 534/534/534
f 531/531/531 536/536/536 535/535/535
f 535/535/535 536/536/536 537/537/537
f 535/535/535 537/537/537 538/538/538
f 537/537/537 539/539/539 538/538/538
f 537/537/537 540/540/540 539/539/539
f 539/539/539 540/540/540 541/541/541
f 539/539/539 541/541/541 542/542/542
f 541/541/541 543/543/543 542/542/542
f 541/541/541 544/544/544 543/543/543
f 543/543/543 544/544/544 545/545/545
f 543/543/543 545/545/545 546/546/546
f 545/545/545 547/547/547 546/546/546
f 545/545/545 548/548/548 547/547/547
f 547/547/547 548/548/548 549/549/549
f 547/547/547 549/549/549 550/550/550
f 549/549/549 551/551/551 550/550/550
f 549/549/549 552/552/552 551/551/551
f 551/551/551 552/552/552 553/553/553
f 551/551/551 553/553/553 554/554/554
f 553/553/553 555/555/555 554/554/554
f 553/553/553 556/556/556 555/555/555
f 556/556/556 557/557/557 555/555/555
f 556/556/556 558/558/558 557/557/557
f 558/558/558 559/559/559 557/557/557
f 558/558/558 560/560/560 559/559/559
f 559/559/559 560/560/560 561/561/561
f 559/559/559 561/561/561 562/562/562
f 561/561/561 563/563/563 562/562/562
f 561/561/561 564/564/564 563/563/563
f 563/563/563 564/564/564 565/565/565
f 563/563/563 565/565/565 566/566/566
f 565/565/565 567/567/567 566/566/566
f 565/565/565 568/568/568 567/567/567
f 568/568/568 569/569/569 567/567/567
f 568/568/568 570/570/570 569/569/569
f 570/570/570 571/571/571 569/569/569
f 570/570/570 572/572/572 571/571/571
f 573/573/573 575/575/575 574/574/574
f 573/573/573 574/574/574 576/576/576
f 577/577/577 573/573/573 576/576/576
f 577/577/577 576/576/576 578/578/578
f 579/579/579 577/577/577 578/578/578
f 579/579/579 578/578/578 580/580/580
f 581/581/581 579/579/579 580/580/580
f 581/581/581 580/580/580 582/582/582
f 583/583/583 581/581/581 582/582/582
f 583/583/583 582/582/582 584/584/584
f 585/585/585 583/583/583 584/584/584
f 585/585/585 584/584/584 586/586/586
f 587/587/587 585/585/585 586/586/586
f 587/587/587 586/586/586 588/588/588
f 589/589/589 587/587/587 588/588/588
f 589/589/589 588/588/588 590/590/590
f 591/591/591 589/589/589 590/590/590
f 591/591/591 590/590/590 592/592/592
f 593/593/593 591/591/591 592/592/592
f 593/593/593 592/592/592 594/594/594
f 595/595/595 593/593/593 594/594/594
f 595/595/595 594/594/594 596/596/596
f 597/597/597 595/595/595 596/596/596
f 597/597/597 598/598/598 595/595/595
f 599/599/599 598/598/598 597/597/597
f 599/599/599 597/597/597 600/600/600
f 601/601/601 599/599/599 600/600/600
f 601/601/601 600/600/600 602/602/602
f 603/603/603 601/601/601 602/602/602
f 603/603/603 602/602/602 604/604/604
f 605/605/605 603/603/603 604/604/604
f 605/605/605 604/604/604 606/606/606
f 607/607/607 605/605/605 606/606/606
f 607/607/607 606/606/606 608/608/608
f 609/609/609 607/607/607 608/608/608
f 609/609/609 610/610/610 607/607/607
f 611/611/611 610/610/610 609/609/609
f 611/611/611 609/609/609 612/612/612
f 613/613/613 611/611/611 612/612/612
f 613/613/613 612/612/612 614/614/614
f 615/615/615 617/617/617 616/616/616
f 615/615/615 616/616/616 618/618/618
f 619/619/619 615/615/615 618/618/618
f 618/618/618 616/616/616 620/620/620
f 619/619/619 618/618/618 621/621/621
f 622/622/622 619/619/619 621/621/621
f 618/618/618 620/620/620 623/623/623
f 621/621/621 618/618/618 623/623/623
f 623/623/623 620/620/620 624/624/624
f 622/622/622 621/621/621 625/625/625
f 626/626/626 622/622/622 625/625/625
f 621/621/621 623/623/623 627/627/627
f 625/625/625 621/621/621 627/627/627
f 623/623/623 624/624/624 628/628/628
f 627/627/627 623/623/623 628/628/628
f 628/628/628 624/624/624 629/629/629
f 628/628/628 629/629/629 630/630/630
f 631/631/631 628/628/628 630/630/630
f 627/627/627 628/628/628 631/631/631
f 631/631/631 630/630/630 632/632/632
f 626/626/626 625/625/625 633/633/633
f 634/634/634 626/626/626 633/633/633
f 625/625/625 627/627/627 635/635/635
f 635/635/635 627/627/627 631/631/631
f 633/633/633 625/625/625 635/635/635
f 636/636/636 631/631/631 632/632/632
f 635/635/635 631/631/631 636/636/636
f 636/636/636 632/632/632 637/637/637
f 634/634/634 633/633/633 638/638/638
f 639/639/639 634/634/634 638/638/638
f 639/639/639 638/638/638 640/640/640
f 633/633/633 635/635/635 641/641/641
f 641/641/641 635/635/635 636/636/636
f 638/638/638 633/633/633 641/641/641
f 642/642/642 636/636/636 637/637/637
f 641/641/641 636/636/636 642/642/642
f 642/642/642 637/637/637 643/643/643
f 640/640/640 638/638/638 644/644/644
f 638/638/638 641/641/641 644/644/644
f 644/644/644 641/641/641 642/642/642
f 640/640/640 644/644/644 645/645/645
f 646/646/646 642/642/642 643/643/643
f 644/644/644 642/642/642 646/646/646
f 645/645/645 644/644/644 646/646/646
f 646/646/646 643/643/643 647/647/647
f 645/645/645 646/646/646 648/648/648
f 648/648/648 646/646/646 647/647/647
f 648/648/648 647/647/647 649/649/649
f 650/650/650 652/652/652 651/651/651
f 650/650/650 653/653/653 652/652/652
f 653/653/653 654/654/654 652/652/652
f 655/655/655 653/653/653 650/650/650
f 653/653/653 656/656/656 654/654/654
f 656/656/656 657/657/657 654/654/654
f 655/655/655 658/658/658 653/653/653
f 658/658/658 656/656/656 653/653/653
f 656/656/656 659/659/659 657/657/657
f 659/659/659 660/660/660 657/657/657
f 661/661/661 658/658/658 655/655/655
f 661/661/661 655/655/655 662/662/662
f 658/658/658 663/663/663 656/656/656
f 663/663/663 659/659/659 656/656/656
f 659/659/659 664/664/664 660/660/660
f 664/664/664 665/665/665 660/660/660
f 666/666/666 661/661/661 662/662/662
f 666/666/666 662/662/662 667/667/667
f 668/668/668 661/661/661 666/666/666
f 669/669/669 658/658/658 661/661/661
f 668/668/668 669/669/669 661/661/661
f 669/669/669 663/663/663 658/658/658
f 670/670/670 669/669/669 668/668/668
f 670/670/670 671/671/671 669/669/669
f 671/671/671 663/663/663 669/669/669
f 672/672/672 671/671/671 670/670/670
f 663/663/663 673/673/673 659/659/659
f 671/671/671 673/673/673 663/663/663
f 673/673/673 664/664/664 659/659/659
f 672/672/672 674/674/674 671/671/671
f 674/674/674 673/673/673 671/671/671
f 675/675/675 674/674/674 672/672/672
f 673/673/673 676/676/676 664/664/664
f 674/674/674 676/676/676 673/673/673
f 675/675/675 677/677/677 674/674/674
f 677/677/677 676/676/676 674/674/674
f 678/678/678 677/677/677 675/675/675
f 678/678/678 679/679/679 677/677/677
f 679/679/679 680/680/680 677/677/677
f 677/677/677 680/680/680 676/676/676
f 679/679/679 681/681/681 680/680/680
f 680/680/680 681/681/681 682/682/682
f 676/676/676 683/683/683 664/664/664
f 676/676/676 680/680/680 683/683/683
f 680/680/680 682/682/682 683/683/683
f 664/664/664 683/683/683 665/665/665
f 683/683/683 682/682/682 684/684/684
f 683/683/683 684/684/684 665/665/665
f 685/685/685 687/687/687 686/686/686
f 685/685/685 688/688/688 687/687/687
f 688/688/688 689/689/689 687/687/687
f 688/688/688 690/690/690 689/689/689
f 690/690/690 691/691/691 689/689/689
f 690/690/690 692/692/692 691/691/691
f 692/692/692 693/693/693 691/691/691
f 692/692/692 694/694/694 693/693/693
f 694/694/694 695/695/695 693/693/693
f 694/694/694 696/696/696 695/695/695
f 696/696/696 697/697/697 695/695/695
f 696/696/696 698/698/698 697/697/697
f 699/699/699 701/701/701 700/700/700
f 699/699/699 700/700/700 702/702/702
f 703/703/703 699/699/699 702/702/702
f 702/702/702 700/700/700 704/704/704
f 703/703/703 702/702/702 705/705/705
f 705/705/705 702/702/702 704/704/704
f 706/706/706 703/703/703 705/705/705
f 706/706/706 705/705/705 707/707/707
f 707/707/707 705/705/705 704/704/704
f 708/708/708 706/706/706 707/707/707
f 708/708/708 707/707/707 709/709/709
f 709/709/709 707/707/707 704/704/704
f 710/710/710 708/708/708 709/709/709
f 711/711/711 709/709/709 704/704/704
f 710/710/710 709/709/709 711/711/711
f 712/712/712 711/711/711 704/704/704
f 713/713/713 710/710/710 711/711/711
f 713/713/713 711/711/711 712/712/712
f 714/714/714 716/716/716 715/715/715
f 716/716/716 717/717/717 715/715/715
f 717/717/717 718/718/718 715/715/715
f 718/718/718 719/719/719 715/715/715
f 719/719/719 720/720/720 715/715/715
f 720/720/720 721/721/721 715/715/715
f 722/722/722 724/724/724 723/723/723
f 722/722/722 725/725/725 724/724/724
f 726/726/726 725/725/725 722/722/722
f 725/725/725 727/727/727 724/724/724
f 726/726/726 728/728/728 725/725/725
f 729/729/729 728/728/728 726/726/726
f 725/725/725 730/730/730 727/727/727
f 728/728/728 730/730/730 725/725/725
f 730/730/730 731/731/731 727/727/727
f 729/729/729 732/732/732 728/728/728
f 733/733/733 732/732/732 729/729/729
f 728/728/728 734/734/734 730/730/730
f 732/732/732 734/734/734 728/728/728
f 730/730/730 735/735/735 731/731/731
f 734/734/734 735/735/735 730/730/730
f 735/735/735 736/736/736 731/731/731
f 735/735/735 737/737/737 736/736/736
f 738/738/738 737/737/737 735/735/735
f 734/734/734 738/738/738 735/735/735
f 738/738/738 739/739/739 737/737/737
f 733/733/733 740/740/740 732/732/732
f 741/741/741 740/740/740 733/733/733
f 732/732/732 742/742/742 734/734/734
f 742/742/742 738/738/738 734/734/734
f 740/740/740 742/742/742 732/732/732
f 743/743/743 739/739/739 738/738/738
f 742/742/742 743/743/743 738/738/738
f 743/743/743 744/744/744 739/739/739
f 741/741/741 745/745/745 740/740/740
f 746/746/746 745/745/745 741/741/741
f 746/746/746 747/747/747 745/745/745
f 740/740/740 748/748/748 742/742/742
f 748/748/748 743/743/743 742/742/742
f 745/745/745 748/748/748 740/740/740
f 749/749/749 744/744/744 743/743/743
f 748/748/748 749/749/749 743/743/743
f 749/749/749 750/750/750 744/744/744
f 747/747/747 751/751/751 745/745/745
f 745/745/745 751/751/751 748/748/748
f 751/751/751 749/749/749 748/748/748
f 747/747/747 752/752/752 751/751/751
f 753/753/753 750/750/750 749/749/749
f 751/751/751 753/753/753 749/749/749
f 752/752/752 753/753/753 751/751/751
f 753/753/753 754/754/754 750/750/750
f 752/752/752 755/755/755 753/753/753
f 755/755/755 754/754/754 753/753/753
f 755/755/755 756/756/756 754/754/754
f 757/757/757 759/759/759 758/758/758
f 757/757/757 758/758/758 760/760/760
f 760/760/760 758/758/758 761/761/761
f 762/762/762 757/757/757 760/760/760
f 760/760/760 761/761/761 763/763/763
f 763/763/763 761/761/761 764/764/764
f 762/762/762 760/760/760 765/765/765
f 765/765/765 760/760/760 763/763/763
f 763/763/763 764/764/764 766/766/766
f 766/766/766 764/764/764 767/767/767
f 768/768/768 762/762/762 765/765/765
f 768/768/768 769/769/769 762/762/762
f 765/765/765 763/763/763 770/770/770
f 770/770/770 763/763/763 766/766/766
f 766/766/766 767/767/767 771/771/771
f 771/771/771 767/767/767 772/772/772
f 773/773/773 769/769/769 768/768/768
f 773/773/773 774/774/774 769/769/769
f 775/775/775 773/773/773 768/768/768
f 776/776/776 768/768/768 765/765/765
f 775/775/775 768/768/768 776/776/776
f 776/776/776 765/765/765 770/770/770
f 777/777/777 775/775/775 776/776/776
f 777/777/777 776/776/776 778/778/778
f 778/778/778 776/776/776 770/770/770
f 779/779/779 777/777/777 778/778/778
f 770/770/770 766/766/766 780/780/780
f 778/778/778 770/770/770 780/780/780
f 780/780/780 766/766/766 771/771/771
f 779/779/779 778/778/778 781/781/781
f 781/781/781 778/778/778 780/780/780
f 782/782/782 779/779/779 781/781/781
f 780/780/780 771/771/771 783/783/783
f 781/781/781 780/780/780 783/783/783
f 782/782/782 781/781/781 784/784/784
f 784/784/784 781/781/781 783/783/783
f 785/785/785 782/782/782 784/784/784
f 785/785/785 784/784/784 786/786/786
f 786/786/786 784/784/784 787/787/787
f 784/784/784 783/783/783 787/787/787
f 786/786/786 787/787/787 788/788/788
f 787/787/787 789/789/789 788/788/788
f 783/783/783 771/771/771 790/790/790
f 783/783/783 790/790/790 787/787/787
f 787/787/787 790/790/790 789/789/789
f 771/771/771 772/772/772 790/790/790
f 790/790/790 791/791/791 789/789/789
f 790/790/790 772/772/772 791/791/791
f 792/792/792 794/794/794 793/793/793
f 792/792/792 793/793/793 795/795/795
f 795/795/795 793/793/793 796/796/796
f 795/795/795 796/796/796 797/797/797
f 797/797/797 796/796/796 798/798/798
f 797/797/797 798/798/798 799/799/799
f 799/799/799 798/798/798 800/800/800
f 799/799/799 800/800/800 801/801/801
f 801/801/801 800/800/800 802/802/802
f 801/801/801 802/802/802 803/803/803
f 803/803/803 802/802/802 804/804/804
f 803/803/803 804/804/804 805/805/805
f 806/806/806 808/808/808 807/807/807
f 806/806/806 809/809/809 808/808/808
f 810/810/810 809/809/809 806/806/806
f 809/809/809 811/811/811 808/808/808
f 810/810/810 812/812/812 809/809/809
f 812/812/812 811/811/811 809/809/809
f 813/813/813 812/812/812 810/810/810
f 813/813/813 814/814/814 812/812/812
f 814/814/814 811/811/811 812/812/812
f 815/815/815 814/814/814 813/813/813
f 815/815/815 816/816/816 814/814/814
f 816/816/816 811/811/811 814/814/814
f 817/817/817 816/816/816 815/815/815
f 818/818/818 811/811/811 816/816/816
f 817/817/817 818/818/818 816/816/816
f 819/819/819 811/811/811 818/818/818
f 820/820/820 818/818/818 817/817/817
f 820/820/820 819/819/819 818/818/818
f 821/821/821 823/823/823 822/822/822
f 822/822/822 823/823/823 824/824/824
f 824/824/824 823/823/823 825/825/825
f 825/825/825 823/823/823 826/826/826
f 826/826/826 823/823/823 827/827/827
f 827/827/827 823/823/823 828/828/828
f 829/829/829 831/831/831 830/830/830
f 829/829/829 832/832/832 831/831/831
f 833/833/833 832/832/832 829/829/829
f 832/832/832 834/834/834 831/831/831
f 833/833/833 835/835/835 832/832/832
f 836/836/836 835/835/835 833/833/833
f 832/832/832 837/837/837 834/834/834
f 835/835/835 837/837/837 832/832/832
f 837/837/837 838/838/838 834/834/834
f 836/836/836 839/839/839 835/835/835
f 840/840/840 839/839/839 836/836/836
f 840/840/840 841/841/841 839/839/839
f 837/837/837 842/842/842 838/838/838
f 842/842/842 843/843/843 838/838/838
f 835/835/835 844/844/844 837/837/837
f 839/839/839 844/844/844 835/835/835
f 844/844/844 842/842/842 837/837/837
f 841/841/841 845/845/845 839/839/839
f 839/839/839 845/845/845 844/844/844
f 841/841/841 846/846/846 845/845/845
f 842/842/842 847/847/847 843/843/843
f 847/847/847 848/848/848 843/843/843
f 844/844/844 849/849/849 842/842/842
f 845/845/845 849/849/849 844/844/844
f 849/849/849 847/847/847 842/842/842
f 846/846/846 850/850/850 845/845/845
f 845/845/845 850/850/850 849/849/849
f 846/846/846 851/851/851 850/850/850
f 847/847/847 852/852/852 848/848/848
f 852/852/852 853/853/853 848/848/848
f 849/849/849 854/854/854 847/847/847
f 850/850/850 854/854/854 849/849/849
f 854/854/854 852/852/852 847/847/847
f 851/851/851 855/855/855 850/850/850
f 850/850/850 855/855/855 854/854/854
f 851/851/851 856/856/856 855/855/855
f 852/852/852 857/857/857 853/853/853
f 857/857/857 858/858/858 853/853/853
f 854/854/854 859/859/859 852/852/852
f 855/855/855 859/859/859 854/854/854
f 859/859/859 857/857/857 852/852/852
f 856/856/856 860/860/860 855/855/855
f 855/855/855 860/860/860 859/859/859
f 856/856/856 861/861/861 860/860/860
f 857/857/857 862/862/862 858/858/858
f 862/862/862 863/863/863 858/858/858
f 859/859/859 864/864/864 857/857/857
f 860/860/860 864/864/864 859/859/859
f 864/864/864 862/862/862 857/857/857
f 861/861/861 865/865/865 860/860/860
f 860/860/860 865/865/865 864/864/864
f 861/861/861 866/866/866 865/865/865
f 862/862/862 867/867/867 863/863/863
f 867/867/867 868/868/868 863/863/863
f 864/864/864 869/869/869 862/862/862
f 865/865/865 869/869/869 864/864/864
f 869/869/869 867/867/867 862/862/862
f 866/866/866 870/870/870 865/865/865
f 865/865/865 870/870/870 869/869/869
f 866/866/866 871/871/871 870/870/870
f 867/867/867 872/872/872 868/868/868
f 872/872/872 873/873/873 868/868/868
f 869/869/869 874/874/874 867/867/867
f 870/870/870 874/874/874 869/869/869
f 874/874/874 872/872/872 867/867/867
f 871/871/871 875/875/875 870/870/870
f 870/870/870 875/875/875 874/874/874
f 871/871/871 876/876/876 875/875/875
f 872/872/872 877/877/877 873/873/873
f 877/877/877 878/878/878 873/873/873
f 874/874/874 879/879/879 872/872/872
f 875/875/875 879/879/879 874/874/874
f 879/879/879 877/877/877 872/872/872
f 876/876/876 880/880/880 875/875/875
f 875/875/875 880/880/880 879/879/879
f 876/876/876 881/881/881 880/880/880
f 877/877/877 882/882/882 878/878/878
f 882/882/882 883/883/883 878/878/878
f 879/879/879 884/884/884 877/877/877
f 880/880/880 884/884/884 879/879/879
f 884/884/884 882/882/882 877/877/877
f 881/881/881 885/885/885 880/880/880
f 880/880/880 885/885/885 884/884/884
f 881/881/881 886/886/886 885/885/885
f 882/882/882 887/887/887 883/883/883
f 887/887/887 888/888/888 883/883/883
f 884/884/884 889/889/889 882/882/882
f 885/885/885 889/889/889 884/884/884
f 889/889/889 887/887/887 882/882/882
f 886/886/886 890/890/890 885/885/885
f 885/885/885 890/890/890 889/889/889
f 886/886/886 891/891/891 890/890/890
f 887/887/887 892/892/892 888/888/888
f 892/892/892 893/893/893 888/888/888
f 889/889/889 894/894/894 887/887/887
f 890/890/890 894/894/894 889/889/889
f 894/894/894 892/892/892 887/887/887
f 891/891/891 895/895/895 890/890/890
f 890/890/890 895/895/895 894/894/894
f 891/891/891 896/896/896 895/895/895
f 892/892/892 897/897/897 893/893/893
f 897/897/897 898/898/898 893/893/893
f 894/894/894 899/899/899 892/892/892
f 895/895/895 899/899/899 894/894/894
f 899/899/899 897/897/897 892/892/892
f 896/896/896 900/900/900 895/895/895
f 895/895/895 900/900/900 899/899/899
f 896/896/896 901/901/901 900/900/900
f 897/897/897 902/902/902 898/898/898
f 902/902/902 903/903/903 898/898/898
f 899/899/899 904/904/904 897/897/897
f 900/900/900 904/904/904 899/899/899
f 904/904/904 902/902/902 897/897/897
f 901/901/901 905/905/905 900/900/900
f 900/900/900 905/905/905 904/904/904
f 901/901/901 906/906/906 905/905/905
f 902/902/902 907/907/907 903/903/903
f 907/907/907 908/908/908 903/903/903
f 904/904/904 909/909/909 902/902/902
f 905/905/905 909/909/909 904/904/904
f 909/909/909 907/907/907 902/902/902
f 906/906/906 910/910/910 905/905/905
f 905/905/905 910/910/910 909/909/909
f 906/906/906 911/911/911 910/910/910
f 907/907/907 912/912/912 908/908/908
f 912/912/912 913/913/913 908/908/908
f 909/909/909 914/914/914 907/907/907
f 910/910/910 914/914/914 909/909/909
f 914/914/914 912/912/912 907/907/907
f 911/911/911 915/915/915 910/910/910
f 910/910/910 915/915/915 914/914/914
f 911/911/911 916/916/916 915/915/915
f 912/912/912 917/917/917 913/913/913
f 917/917/917 918/918/918 913/913/913
f 914/914/914 919/919/919 912/912/912
f 915/915/915 919/919/919 914/914/914
f 919/919/919 917/917/917 912/912/912
f 917/917/917 920/920/920 918/918/918
f 920/920/920 921/921/921 918/918/918
f 920/920/920 922/922/922 921/921/921
f 915/915/915 923/923/923 919/919/919
f 916/916/916 923/923/923 915/915/915
f 919/919/919 924/924/924 917/917/917
f 924/924/924 920/920/920 917/917/917
f 923/923/923 924/924/924 919/919/919
f 925/925/925 922/922/922 920/920/920
f 924/924/924 925/925/925 920/920/920
f 925/925/925 926/926/926 922/922/922
f 923/923/923 927/927/927 924/924/924
f 927/927/927 925/925/925 924/924/924
f 928/928/928 926/926/926 925/925/925
f 927/927/927 928/928/928 925/925/925
f 928/928/928 929/929/929 926/926/926
f 916/916/916 930/930/930 923/923/923
f 930/930/930 927/927/927 923/923/923
f 931/931/931 928/928/928 927/927/927
f 930/930/930 931/931/931 927/927/927
f 932/932/932 929/929/929 928/928/928
f 931/931/931 932/932/932 928/928/928
f 932/932/932 933/933/933 929/929/929
f 932/932/932 934/934/934 933/933/933
f 932/932/932 935/935/935 934/934/934
f 936/936/936 935/935/935 932/932/932
f 936/936/936 932/932/932 931/931/931
f 930/930/930 936/936/936 931/931/931
f 930/930/930 937/937/937 936/936/936
f 938/938/938 937/937/937 930/930/930
f 938/938/938 930/930/930 916/916/916
f 939/939/939 938/938/938 916/916/916
f 939/939/939 940/940/940 938/938/938
f 941/941/941 940/940/940 939/939/939
f 941/941/941 939/939/939 942/942/942
f 943/943/943 941/941/941 942/942/942
f 943/943/943 944/944/944 941/941/941
f 945/945/945 944/944/944 943/943/943
f 945/945/945 943/943/943 946/946/946
f 947/947/947 945/945/945 946/946/946
f 947/947/947 948/948/948 945/945/945
f 949/949/949 948/948/948 947/947/947
f 949/949/949 947/947/947 950/950/950
f 951/951/951 949/949/949 950/950/950
f 951/951/951 952/952/952 949/949/949
f 953/953/953 952/952/952 951/951/951
f 953/953/953 954/954/954 952/952/952
f 955/955/955 954/954/954 953/953/953
f 955/955/955 956/956/956 954/954/954
f 957/957/957 956/956/956 955/955/955
f 957/957/957 955/955/955 958/958/958
f 959/959/959 957/957/957 958/958/958
f 959/959/959 960/960/960 957/957/957
f 961/961/961 960/960/960 959/959/959
f 961/961/961 959/959/959 962/962/962
f 963/963/963 961/961/961 962/962/962
f 963/963/963 964/964/964 961/961/961
f 965/965/965 964/964/964 963/963/963
f 965/965/965 966/966/966 964/964/964
f 967/967/967 966/966/966 965/965/965
f 967/967/967 968/968/968 966/966/966
f 969/969/969 968/968/968 967/967/967
f 969/969/969 967/967/967 970/970/970
f 971/971/971 973/973/973 972/972/972
f 971/971/971 974/974/974 973/973/973
f 973/973/973 974/974/974 975/975/975
f 973/973/973 975/975/975 976/976/976
f 976/976/976 975/975/975 977/977/977
f 976/976/976 977/977/977 978/978/978
f 978/978/978 977/977/977 979/979/979
f 978/978/978 979/979/979 980/980/980
f 980/980/980 979/979/979 981/981/981
f 980/980/980 981/981/981 982/982/982
f 982/982/982 981/981/981 983/983/983
f 982/982/982 983/983/983 984/984/984
f 984/984/984 983/983/983 985/985/985
f 984/984/984 985/985/985 986/986/986
f 986/986/986 985/985/985 987/987/987
f 986/986/986 987/987/987 988/988/988
f 988/988/988 987/987/987 989/989/989
f 988/988/988 989/989/989 990/990/990
f 990/990/990 989/989/989 991/991/991
f 990/990/990 991/991/991 992/992/992
f 992/992/992 991/991/991 993/993/993
f 992/992/992 993/993/993 994/994/994
f 994/994/994 993/993/993 995/995/995
f 994/994/994 995/995/995 996/996/996
f 995/995/995 997/997/997 996/996/996
f 995/995/995 998/998/998 997/997/997
f 997/997/997 998/998/998 999/999/999
f 997/997/997 999/999/999 1000/1000/1000
f 1000/1000/1000 999/999/999 1001/1001/1001
f 1000/1000/1000 1001/1001/1001 1002/1002/1002
f 1002/1002/1002 1001/1001/1001 1003/1003/1003
f 1002/1002/1002 1003/1003/1003 1004/1004/1004
f 1004/1004/1004 1003/1003/1003 1005/1005/1005
f 1004/1004/1004 1005/1005/1005 1006/1006/1006
f 1006/1006/1006 1005/1005/1005 1007/1007/1007
f 1006/1006/1006 1007/1007/1007 1008/1008/1008
f 1007/1007/1007 1009/1009/1009 1008/1008/1008
f 1007/1007/1007 1010/1010/1010 1009/1009/1009
f 1009/1009/1009 1010/1010/1010 1011/1011/1011
f 1009/1009/1009 1011/1011/1011 1012/1012/1012
f 1013/1013/1013 1015/1015/1015 1014/1014/1014
f 1013/1013/1013 1014/1014/1014 1016/1016/1016
f 1017/1017/1017 1013/1013/1013 1016/1016/1016
f 1016/1016/1016 1014/1014/1014 1018/1018/1018
f 1017/1017/1017 1016/1016/1016 1019/1019/1019
f 1020/1020/1020 1017/1017/1017 1019/1019/1019
f 1016/1016/1016 1018/1018/1018 1021/1021/1021
f 1019/1019/1019 1016/1016/1016 1021/1021/1021
f 1021/1021/1021 1018/1018/1018 1022/1022/1022
f 1020/1020/1020 1019/1019/1019 1023/1023/1023
f 1024/1024/1024 1020/1020/1020 1023/1023/1023
f 1024/1024/1024 1023/1023/1023 1025/1025/1025
f 1021/1021/1021 1022/1022/1022 1026/1026/1026
f 1026/1026/1026 1022/1022/1022 1027/1027/1027
f 1019/1019/1019 1021/1021/1021 1028/1028/1028
f 1023/1023/1023 1019/1019/1019 1028/1028/1028
f 1028/1028/1028 1021/1021/1021 1026/1026/1026
f 1025/1025/1025 1023/1023/1023 1029/1029/1029
f 1023/1023/1023 1028/1028/1028 1029/1029/1029
f 1025/1025/1025 1029/1029/1029 1030/1030/1030
f 1026/1026/1026 1027/1027/1027 1031/1031/1031
f 1031/1031/1031 1027/1027/1027 1032/1032/1032
f 1028/1028/1028 1026/1026/1026 1033/1033/1033
f 1029/1029/1029 1028/1028/1028 1033/1033/1033
f 1033/1033/1033 1026/1026/1026 1031/1031/1031
f 1030/1030/1030 1029/1029/1029 1034/1034/1034
f 1029/1029/1029 1033/1033/1033 1034/1034/1034
f 1030/1030/1030 1034/1034/1034 1035/1035/1035
f 1031/1031/1031 1032/1032/1032 1036/1036/1036
f 1036/1036/1036 1032/1032/1032 1037/1037/1037
f 1033/1033/1033 1031/1031/1031 1038/1038/1038
f 1034/1034/1034 1033/1033/1033 1038/1038/1038
f 1038/1038/1038 1031/1031/1031 1036/1036/1036
f 1035/1035/1035 1034/1034/1034 1039/1039/1039
f 1034/1034/1034 1038/1038/1038 1039/1039/1039
f 1035/1035/1035 1039/1039/1039 1040/1040/1040
f 1036/1036/1036 1037/1037/1037 1041/1041/1041
f 1041/1041/1041 1037/1037/1037 1042/1042/1042
f 1038/1038/1038 1036/1036/1036 1043/1043/1043
f 1039/1039/1039 1038/1038/1038 1043/1043/1043
f 1043/1043/1043 1036/1036/1036 1041/1041/1041
f 1040/1040/1040 1039/1039/1039 1044/1044/1044
f 1039/1039/1039 1043/1043/1043 1044/1044/1044
f 1040/1040/1040 1044/1044/1044 1045/1045/1045
f 1041/1041/1041 1042/1042/1042 1046/1046/1046
f 1046/1046/1046 1042/1042/1042 1047/1047/1047
f 1043/1043/1043 1041/1041/1041 1048/1048/1048
f 1044/1044/1044 1043/1043/1043 1048/1048/1048
f 1048/1048/1048 1041/1041/1041 1046/1046/1046
f 1045/1045/1045 1044/1044/1044 1049/1049/1049
f 1044/1044/1044 1048/1048/1048 1049/1049/1049
f 1045/1045/1045 1049/1049/1049 1050/1050/1050
f 1046/1046/1046 1047/1047/1047 1051/1051/1051
f 1051/1051/1051 1047/1047/1047 1052/1052/1052
f 1048/1048/1048 1046/1046/1046 1053/1053/1053
f 1049/1049/1049 1048/1048/1048 1053/1053/1053
f 1053/1053/1053 1046/1046/1046 1051/1051/1051
f 1050/1050/1050 1049/1049/1049 1054/1054/1054
f 1049/1049/1049 1053/1053/1053 1054/1054/1054
f 1050/1050/1050 1054/1054/1054 1055/1055/1055
f 1051/1051/1051 1052/1052/1052 1056/1056/1056
f 1056/1056/1056 1052/1052/1052 1057/1057/1057
f 1053/1053/1053 1051/1051/1051 1058/1058/1058
f 1054/1054/1054 1053/1053/1053 1058/1058/1058
f 1058/1058/1058 1051/1051/1051 1056/1056/1056
f 1055/1055/1055 1054/1054/1054 1059/1059/1059
f 1054/1054/1054 1058/1058/1058 1059/1059/1059
f 1055/1055/1055 1059/1059/1059 1060/1060/1060
f 1056/1056/1056 1057/1057/1057 1061/1061/1061
f 1061/1061/1061 1057/1057/1057 1062/1062/1062
f 1058/1058/1058 1056/1056/1056 1063/1063/1063
f 1059/1059/1059 1058/1058/1058 1063/1063/1063
f 1063/1063/1063 1056/1056/1056 1061/1061/1061
f 1060/1060/1060 1059/1059/1059 1064/1064/1064
f 1059/1059/1059 1063/1063/1063 1064/1064/1064
f 1060/1060/1060 1064/1064/1064 1065/1065/1065
f 1061/1061/1061 1062/1062/1062 1066/1066/1066
f 1066/1066/1066 1062/1062/1062 1067/1067/1067
f 1063/1063/1063 1061/1061/1061 1068/1068/1068
f 1064/1064/1064 1063/1063/1063 1068/1068/1068
f 1068/1068/1068 1061/1061/1061 1066/1066/1066
f 1065/1065/1065 1064/1064/1064 1069/1069/1069
f 1064/1064/1064 1068/1068/1068 1069/1069/1069
f 1065/1065/1065 1069/1069/1069 1070/1070/1070
f 1066/1066/1066 1067/1067/1067 1071/1071/1071
f 1071/1071/1071 1067/1067/1067 1072/1072/1072
f 1068/1068/1068 1066/1066/1066 1073/1073/1073
f 1069/1069/1069 1068/1068/1068 1073/1073/1073
f 1073/1073/1073 1066/1066/1066 1071/1071/1071
f 1070/1070/1070 1069/1069/1069 1074/1074/1074
f 1069/1069/1069 1073/1073/1073 1074/1074/1074
f 1070/1070/1070 1074/1074/1074 1075/1075/1075
f 1071/1071/1071 1072/1072/1072 1076/1076/1076
f 1076/1076/1076 1072/1072/1072 1077/1077/1077
f 1073/1073/1073 1071/1071/1071 1078/1078/1078
f 1074/1074/1074 1073/1073/1073 1078/1078/1078
f 1078/1078/1078 1071/1071/1071 1076/1076/1076
f 1075/1075/1075 1074/1074/1074 1079/1079/1079
f 1074/1074/1074 1078/1078/1078 1079/1079/1079
f 1075/1075/1075 1079/1079/1079 1080/1080/1080
f 1076/1076/1076 1077/1077/1077 1081/1081/1081
f 1081/1081/1081 1077/1077/1077 1082/1082/1082
f 1078/1078/1078 1076/1076/1076 1083/1083/1083
f 1079/1079/1079 1078/1078/1078 1083/1083/1083
f 1083/1083/1083 1076/1076/1076 1081/1081/1081
f 1080/1080/1080 1079/1079/1079 1084/1084/1084
f 1079/1079/1079 1083/1083/1083 1084/1084/1084
f 1080/1080/1080 1084/1084/1084 1085/1085/1085
f 1081/1081/1081 1082/1082/1082 1086/1086/1086
f 1086/1086/1086 1082/1082/1082 1087/1087/1087
f 1083/1083/1083 1081/1081/1081 1088/1088/1088
f 1084/1084/1084 1083/1083/1083 1088/1088/1088
f 1088/1088/1088 1081/1081/1081 1086/1086/1086
f 1085/1085/1085 1084/1084/1084 1089/1089/1089
f 1084/1084/1084 1088/1088/1088 1089/1089/1089
f 1085/1085/1085 1089/1089/1089 1090/1090/1090
f 1086/1086/1086 1087/1087/1087 1091/1091/1091
f 1091/1091/1091 1087/1087/1087 1092/1092/1092
f 1088/1088/1088 1086/1086/1086 1093/1093/1093
f 1089/1089/1089 1088/1088/1088 1093/1093/1093
f 1093/1093/1093 1086/1086/1086 1091/1091/1091
f 1090/1090/1090 1089/1089/1089 1094/1094/1094
f 1089/1089/1089 1093/1093/1093 1094/1094/1094
f 1090/1090/1090 1094/1094/1094 1095/1095/1095
f 1091/1091/1091 1092/1092/1092 1096/1096/1096
f 1096/1096/1096 1092/1092/1092 1097/1097/1097
f 1093/1093/1093 1091/1091/1091 1098/1098/1098
f 1094/1094/1094 1093/1093/1093 1098/1098/1098
f 1098/1098/1098 1091/1091/1091 1096/1096/1096
f 1095/1095/1095 1094/1094/1094 1099/1099/1099
f 1094/1094/1094 1098/1098/1098 1099/1099/1099
f 1095/1095/1095 1099/1099/1099 1100/1100/1100
f 1096/1096/1096 1097/1097/1097 1101/1101/1101
f 1101/1101/1101 1097/1097/1097 1102/1102/1102
f 1098/1098/1098 1096/1096/1096 1103/1103/1103
f 1099/1099/1099 1098/1098/1098 1103/1103/1103
f 1103/1103/1103 1096/1096/1096 1101/1101/1101
f 1101/1101/1101 1102/1102/1102 1104/1104/1104
f 1104/1104/1104 1102/1102/1102 1105/1105/1105
f 1104/1104/1104 1105/1105/1105 1106/1106/1106
f 1099/1099/1099 1103/1103/1103 1107/1107/1107
f 1100/1100/1100 1099/1099/1099 1107/1107/1107
f 1103/1103/1103 1101/1101/1101 1108/1108/1108
f 1108/1108/1108 1101/1101/1101 1104/1104/1104
f 1107/1107/1107 1103/1103/1103 1108/1108/1108
f 1109/1109/1109 1104/1104/1104 1106/1106/1106
f 1108/1108/1108 1104/1104/1104 1109/1109/1109
f 1109/1109/1109 1106/1106/1106 1110/1110/1110
f 1107/1107/1107 1108/1108/1108 1111/1111/1111
f 1111/1111/1111 1108/1108/1108 1109/1109/1109
f 1112/1112/1112 1109/1109/1109 1110/1110/1110
f 1111/1111/1111 1109/1109/1109 1112/1112/1112
f 1112/1112/1112 1110/1110/1110 1113/1113/1113
f 1100/1100/1100 1107/1107/1107 1114/1114/1114
f 1114/1114/1114 1107/1107/1107 1111/1111/1111
f 1115/1115/1115 1111/1111/1111 1112/1112/1112
f 1114/1114/1114 1111/1111/1111 1115/1115/1115
f 1116/1116/1116 1112/1112/1112 1113/1113/1113
f 1115/1115/1115 1112/1112/1112 1116/1116/1116
f 1116/1116/1116 1113/1113/1113 1117/1117/1117
f 1118/1118/1118 1116/1116/1116 1117/1117/1117
f 1118/1118/1118 1119/1119/1119 1116/1116/1116
f 1116/1116/1116 1119/1119/1119 1120/1120/1120
f 1116/1116/1116 1120/1120/1120 1115/1115/1115
f 1120/1120/1120 1114/1114/1114 1115/1115/1115
f 1120/1120/1120 1121/1121/1121 1114/1114/1114
f 1114/1114/1114 1121/1121/1121 1122/1122/1122
f 1114/1114/1114 1122/1122/1122 1100/1100/1100
f 1122/1122/1122 1123/1123/1123 1100/1100/1100
f 1122/1122/1122 1124/1124/1124 1123/1123/1123
f 1123/1123/1123 1124/1124/1124 1125/1125/1125
f 1123/1123/1123 1125/1125/1125 1126/1126/1126
f 1125/1125/1125 1127/1127/1127 1126/1126/1126
f 1125/1125/1125 1128/1128/1128 1127/1127/1127
f 1127/1127/1127 1128/1128/1128 1129/1129/1129
f 1127/1127/1127 1129/1129/1129 1130/1130/1130
f 1129/1129/1129 1131/1131/1131 1130/1130/1130
f 1129/1129/1129 1132/1132/1132 1131/1131/1131
f 1131/1131/1131 1132/1132/1132 1133/1133/1133
f 1131/1131/1131 1133/1133/1133 1134/1134/1134
f 1133/1133/1133 1135/1135/1135 1134/1134/1134
f 1133/1133/1133 1136/1136/1136 1135/1135/1135
f 1135/1135/1135 1136/1136/1136 1137/1137/1137
f 1135/1135/1135 1137/1137/1137 1138/1138/1138
f 1138/1138/1138 1137/1137/1137 1139/1139/1139
f 1138/1138/1138 1139/1139/1139 1140/1140/1140
f 1140/1140/1140 1139/1139/1139 1141/1141/1141
f 1140/1140/1140 1141/1141/1141 1142/1142/1142
f 1141/1141/1141 1143/1143/1143 1142/1142/1142
f 1141/1141/1141 1144/1144/1144 1143/1143/1143
f 1143/1143/1143 1144/1144/1144 1145/1145/1145
f 1143/1143/1143 1145/1145/1145 1146/1146/1146
f 1145/1145/1145 1147/1147/1147 1146/1146/1146
f 1145/1145/1145 1148/1148/1148 1147/1147/1147
f 1147/1147/1147 1148/1148/1148 1149/1149/1149
f 1147/1147/1147 1149/1149/1149 1150/1150/1150
f 1150/1150/1150 1149/1149/1149 1151/1151/1151
f 1150/1150/1150 1151/1151/1151 1152/1152/1152
f 1152/1152/1152 1151/1151/1151 1153/1153/1153
f 1152/1152/1152 1153/1153/1153 1154/1154/1154
f 1155/1155/1155 1157/1157/1157 1156/1156/1156
f 1155/1155/1155 1158/1158/1158 1157/1157/1157
f 1159/1159/1159 1158/1158/1158 1155/1155/1155
f 1159/1159/1159 1160/1160/1160 1158/1158/1158
f 1161/1161/1161 1160/1160/1160 1159/1159/1159
f 1161/1161/1161 1162/1162/1162 1160/1160/1160
f 1163/1163/1163 1162/1162/1162 1161/1161/1161
f 1163/1163/1163 1164/1164/1164 1162/1162/1162
f 1165/1165/1165 1164/1164/1164 1163/1163/1163
f 1165/1165/1165 1166/1166/1166 1164/1164/1164
f 1167/1167/1167 1166/1166/1166 1165/1165/1165
f 1167/1167/1167 1168/1168/1168 1166/1166/1166
f 1169/1169/1169 1168/1168/1168 1167/1167/1167
f 1169/1169/1169 1170/1170/1170 1168/1168/1168
f 1171/1171/1171 1170/1170/1170 1169/1169/1169
f 1171/1171/1171 1172/1172/1172 1170/1170/1170
f 1173/1173/1173 1172/1172/1172 1171/1171/1171
f 1173/1173/1173 1174/1174/1174 1172/1172/1172
f 1175/1175/1175 1174/1174/1174 1173/1173/1173
f 1175/1175/1175 1176/1176/1176 1174/1174/1174
f 1177/1177/1177 1176/1176/1176 1175/1175/1175
f 1177/1177/1177 1178/1178/1178 1176/1176/1176
f 1179/1179/1179 1178/1178/1178 1177/1177/1177
f 1179/1179/1179 1177/1177/1177 1180/1180/1180
f 1181/1181/1181 1179/1179/1179 1180/1180/1180
f 1181/1181/1181 1182/1182/1182 1179/1179/1179
f 1183/1183/1183 1182/1182/1182 1181/1181/1181
f 1183/1183/1183 1184/1184/1184 1182/1182/1182
f 1185/1185/1185 1184/1184/1184 1183/1183/1183
f 1185/1185/1185 1186/1186/1186 1184/1184/1184
f 1187/1187/1187 1186/1186/1186 1185/1185/1185
f 1187/1187/1187 1188/1188/1188 1186/1186/1186
f 1189/1189/1189 1188/1188/1188 1187/1187/1187
f 1189/1189/1189 1190/1190/1190 1188/1188/1188
f 1191/1191/1191 1190/1190/1190 1189/1189/1189
f 1191/1191/1191 1189/1189/1189 1192/1192/1192
f 1193/1193/1193 1191/1191/1191 1192/1192/1192
f 1193/1193/1193 1194/1194/1194 1191/1191/1191
f 1195/1195/1195 1194/1194/1194 1193/1193/1193
f 1195/1195/1195 1196/1196/1196 1194/1194/1194
